mapa,semente,n_pivos,tempo_precomp_ms,n_pivos_gerados,pivos_fora_maior_comp,primeiro_pivo_fora,frac_consultas_h_zero,h_medio
arena,42,10,0.551030,10,0,0,0.000000,32.315385
arena,42,20,1.059801,20,0,0,0.000000,32.330769
arena,42,50,2.840619,50,0,0,0.000000,32.330769
arena,42,100,5.510278,100,0,0,0.000000,32.361538
arena,123,10,0.562191,10,0,0,0.000000,32.330769
arena,123,20,1.006301,20,0,0,0.000000,32.315385
arena,123,50,2.564663,50,0,0,0.000000,32.361538
arena,123,100,5.232560,100,0,0,0.000000,32.361538
arena,456,10,0.566338,10,0,0,0.000000,32.315385
arena,456,20,1.012502,20,0,0,0.000000,32.346154
arena,456,50,2.540528,50,0,0,0.000000,32.346154
arena,456,100,5.415281,100,0,0,0.000000,32.376923
arena,789,10,0.565447,10,0,0,0.000000,32.146154
arena,789,20,1.002194,20,0,0,0.000000,32.330769
arena,789,50,2.552110,50,0,0,0.000000,32.376923
arena,789,100,5.161977,100,0,0,0.000000,32.346154
arena,1011,10,0.564505,10,0,0,0.000000,32.315385
arena,1011,20,1.005429,20,0,0,0.000000,32.300000
arena,1011,50,2.671783,50,0,0,0.000000,32.361538
arena,1011,100,5.311547,100,0,0,0.000000,32.361538
arena2,42,10,7.401202,10,0,0,0.001099,200.979121
arena2,42,20,15.586210,20,0,0,0.000000,204.504396
arena2,42,50,40.045413,50,0,0,0.000000,205.563736
arena2,42,100,81.736562,100,0,0,0.000000,205.794505
arena2,123,10,9.813161,10,0,0,0.001099,201.710989
arena2,123,20,15.534824,20,0,0,0.000000,204.368132
arena2,123,50,40.235549,50,0,0,0.000000,205.502198
arena2,123,100,81.440519,100,0,0,0.000000,205.787912
arena2,456,10,9.468636,10,0,0,0.001099,200.818681
arena2,456,20,16.484118,20,0,0,0.000000,204.128571
arena2,456,50,40.998034,50,0,0,0.000000,205.403297
arena2,456,100,82.421302,100,0,0,0.000000,205.761538
arena2,789,10,9.570427,10,0,0,0.001099,202.372527
arena2,789,20,15.802955,20,0,0,0.000000,204.304396
arena2,789,50,40.187709,50,0,0,0.000000,205.609890
arena2,789,100,81.331135,100,0,0,0.000000,205.798901
arena2,1011,10,9.486470,10,0,0,0.000000,201.381319
arena2,1011,20,15.597241,20,0,0,0.001099,204.225275
arena2,1011,50,40.478974,50,0,0,0.000000,205.357143
arena2,1011,100,80.746832,100,0,0,0.000000,205.774725
brc000d,42,10,8.776613,10,0,0,0.007059,202.969412
brc000d,42,20,15.036192,20,0,0,0.007059,203.995294
brc000d,42,50,37.663221,50,0,0,0.007059,204.272941
brc000d,42,100,77.331640,100,0,0,0.007059,204.548235
brc000d,123,10,8.572471,10,0,0,0.007059,203.585882
brc000d,123,20,15.062882,20,0,0,0.007059,203.792941
brc000d,123,50,8.496229,50,50,1,0.992941,0.129412
brc000d,123,100,77.931010,100,0,0,0.007059,204.475294
brc000d,456,10,8.560359,10,0,0,0.007059,203.785882
brc000d,456,20,14.933159,20,0,0,0.007059,203.985882
brc000d,456,50,37.752398,50,0,0,0.007059,204.430588
brc000d,456,100,77.977677,100,0,0,0.007059,204.531765
brc000d,789,10,8.888191,10,0,0,0.007059,201.503529
brc000d,789,20,14.963997,20,0,0,0.007059,203.948235
brc000d,789,50,8.484207,50,50,1,0.992941,0.129412
brc000d,789,100,78.092662,100,0,0,0.007059,204.571765
brc000d,1011,10,8.617556,10,0,0,0.007059,203.310588
brc000d,1011,20,14.915617,20,0,0,0.007059,204.070588
brc000d,1011,50,38.614358,50,0,0,0.007059,204.423529
brc000d,1011,100,77.384519,100,0,0,0.007059,204.515294
brc100d,42,10,16.319080,10,0,0,0.000735,330.041176
brc100d,42,20,22.601451,20,0,0,0.000000,331.627941
brc100d,42,50,65.884144,50,0,0,0.000735,333.261765
brc100d,42,100,189.891440,100,0,0,0.000735,333.517647
brc100d,123,10,21.660012,10,0,0,0.000735,330.439706
brc100d,123,20,22.307942,20,0,0,0.000735,332.232353
brc100d,123,50,65.785149,50,0,0,0.000735,333.170588
brc100d,123,100,189.724017,100,0,0,0.000000,333.569118
brc100d,456,10,21.079416,10,0,0,0.000735,329.907353
brc100d,456,20,22.287124,20,0,0,0.000735,332.163235
brc100d,456,50,65.846895,50,0,0,0.000000,333.200000
brc100d,456,100,186.628761,100,0,0,0.000735,333.539706
brc100d,789,10,21.697021,10,0,0,0.000735,328.895588
brc100d,789,20,22.812285,20,0,0,0.000000,331.044118
brc100d,789,50,65.117282,50,0,0,0.000735,333.145588
brc100d,789,100,185.131433,100,0,0,0.000000,333.476471
brc100d,1011,10,21.790576,10,0,0,0.000735,330.167647
brc100d,1011,20,22.446281,20,0,0,0.000735,331.872059
brc100d,1011,50,65.872422,50,0,0,0.000735,333.169118
brc100d,1011,100,189.028967,100,0,0,0.000735,333.519118
brc101d,42,10,20.733700,10,0,0,0.000637,379.392357
brc101d,42,20,21.415284,20,0,0,0.000637,379.978344
brc101d,42,50,62.843673,50,0,0,0.000000,380.617834
brc101d,42,100,182.401340,100,0,0,0.000000,380.941401
brc101d,123,10,20.842944,10,0,0,0.000637,378.806369
brc101d,123,20,21.971695,20,0,0,0.000637,379.810191
brc101d,123,50,62.626797,50,0,0,0.000000,380.639490
brc101d,123,100,182.586005,100,0,0,0.000000,381.022930
brc101d,456,10,20.862130,10,0,0,0.000637,378.335032
brc101d,456,20,21.298967,20,0,0,0.000637,379.346497
brc101d,456,50,62.715102,50,0,0,0.000000,380.731210
brc101d,456,100,178.569670,100,0,0,0.000000,380.984713
brc101d,789,10,21.598918,10,0,0,0.000637,379.281529
brc101d,789,20,21.428068,20,0,0,0.000637,379.924841
brc101d,789,50,63.087939,50,0,0,0.000000,380.634395
brc101d,789,100,179.021714,100,0,0,0.000000,380.974522
brc101d,1011,10,21.204591,10,0,0,0.000637,379.277707
brc101d,1011,20,21.314306,20,0,0,0.000637,379.208917
brc101d,1011,50,62.991268,50,0,0,0.000000,380.621656
brc101d,1011,100,177.965119,100,0,0,0.000000,381.049682
brc201d,42,10,16.080553,10,0,0,0.002871,493.802392
brc201d,42,20,7.038595,20,4,1,0.002871,485.896172
brc201d,42,50,15.250012,50,50,1,1.000000,0.000000
brc201d,42,100,111.253578,100,0,0,0.002871,495.409091
brc201d,123,10,7.996565,10,10,1,1.000000,0.000000
brc201d,123,20,14.801293,20,0,0,0.002871,495.091388
brc201d,123,50,39.354011,50,0,0,0.002871,495.366986
brc201d,123,100,111.819446,100,0,0,0.002871,495.421531
brc201d,456,10,8.118363,10,10,1,0.999043,0.010048
brc201d,456,20,15.284737,20,0,0,0.002871,494.863636
brc201d,456,50,15.361821,50,50,1,1.000000,0.000000
brc201d,456,100,111.125118,100,0,0,0.002871,495.420574
brc201d,789,10,12.712429,10,0,0,0.002871,493.840670
brc201d,789,20,14.930986,20,0,0,0.002871,495.143062
brc201d,789,50,15.307178,50,50,1,1.000000,0.000000
brc201d,789,100,111.672582,100,0,0,0.002871,495.428230
brc201d,1011,10,12.813508,10,0,0,0.002871,493.786124
brc201d,1011,20,15.390825,20,0,0,0.002871,495.099043
brc201d,1011,50,39.097361,50,0,0,0.002871,495.339234
brc201d,1011,100,112.110871,100,0,0,0.002871,495.432057
brc202d,42,10,19.823369,10,0,0,0.000392,544.707843
brc202d,42,20,29.476411,20,0,0,0.000392,548.238039
brc202d,42,50,75.150132,50,0,0,0.000392,549.834902
brc202d,42,100,165.126604,100,0,0,0.000392,550.361961
brc202d,123,10,22.983095,10,0,0,0.000392,542.324314
brc202d,123,20,29.532826,20,0,0,0.000392,547.977647
brc202d,123,50,74.849701,50,0,0,0.000392,550.096078
brc202d,123,100,165.779645,100,0,0,0.000392,550.462353
brc202d,456,10,22.930867,10,0,0,0.000392,543.973725
brc202d,456,20,29.737869,20,0,0,0.000784,548.104706
brc202d,456,50,74.896499,50,0,0,0.000392,549.993333
brc202d,456,100,165.796467,100,0,0,0.000392,550.440392
brc202d,789,10,23.511743,10,0,0,0.000392,545.329804
brc202d,789,20,29.596365,20,0,0,0.000392,547.972941
brc202d,789,50,75.303489,50,0,0,0.000392,549.963529
brc202d,789,100,167.418518,100,0,0,0.000392,550.413725
brc202d,1011,10,23.280250,10,0,0,0.000392,543.595686
brc202d,1011,20,29.747998,20,0,0,0.000392,548.121176
brc202d,1011,50,75.048492,50,0,0,0.000392,549.783137
brc202d,1011,100,165.840809,100,0,0,0.000392,550.448235
brc203d,42,10,11.022561,10,0,0,0.002326,279.432558
brc203d,42,20,13.993804,20,0,0,0.002326,281.638760
brc203d,42,50,34.973615,50,0,0,0.001550,283.082171
brc203d,42,100,70.374206,100,0,0,0.001550,283.431008
brc203d,123,10,7.406873,10,0,0,0.002326,279.996899
brc203d,123,20,13.917732,20,0,0,0.001550,280.782946
brc203d,123,50,34.912991,50,0,0,0.002326,283.105426
brc203d,123,100,70.623393,100,0,0,0.001550,283.406202
brc203d,456,10,7.375024,10,0,0,0.002326,280.001550
brc203d,456,20,14.076699,20,0,0,0.001550,280.733333
brc203d,456,50,35.228420,50,0,0,0.001550,282.820155
brc203d,456,100,70.881404,100,0,0,0.001550,283.400000
brc203d,789,10,7.379251,10,0,0,0.002326,277.683721
brc203d,789,20,13.832432,20,0,0,0.002326,281.644961
brc203d,789,50,34.904174,50,0,0,0.002326,282.893023
brc203d,789,100,70.442815,100,0,0,0.001550,283.328682
brc203d,1011,10,7.456816,10,0,0,0.002326,280.431008
brc203d,1011,20,13.839826,20,0,0,0.002326,281.655814
brc203d,1011,50,35.014901,50,0,0,0.001550,283.155039
brc203d,1011,100,70.699675,100,0,0,0.001550,283.345736
den000d,42,10,19.164467,10,0,0,0.001527,322.296947
den000d,42,20,32.045662,20,0,0,0.001527,325.524427
den000d,42,50,79.926059,50,0,0,0.001527,327.530534
den000d,42,100,170.192343,100,0,0,0.001527,328.182443
den000d,123,10,21.070951,10,0,0,0.001527,322.916794
den000d,123,20,31.748637,20,0,0,0.001527,325.070992
den000d,123,50,79.543343,50,0,0,0.001527,327.898473
den000d,123,100,170.266090,100,0,0,0.001527,328.432824
den000d,456,10,21.027941,10,0,0,0.001527,321.683206
den000d,456,20,31.724301,20,0,0,0.001527,324.730534
den000d,456,50,80.301661,50,0,0,0.001527,327.904580
den000d,456,100,170.625161,100,0,0,0.001527,328.313740
den000d,789,10,21.303045,10,0,0,0.001527,321.438931
den000d,789,20,31.930707,20,0,0,0.001527,324.199237
den000d,789,50,79.691721,50,0,0,0.001527,327.345802
den000d,789,100,170.969575,100,0,0,0.001527,328.428244
den000d,1011,10,21.420374,10,0,0,0.001527,320.667939
den000d,1011,20,31.762733,20,0,0,0.001527,325.031298
den000d,1011,50,81.095294,50,0,0,0.001527,328.037405
den000d,1011,100,172.006273,100,0,0,0.001527,328.464885
den005d,42,10,9.170559,10,0,0,0.000667,317.792667
den005d,42,20,11.831372,20,0,0,0.000667,320.570000
den005d,42,50,29.839359,50,0,0,0.000667,321.688667
den005d,42,100,59.018493,100,0,0,0.000667,322.259333
den005d,123,10,6.258286,10,0,0,0.001333,318.006000
den005d,123,20,11.739811,20,0,0,0.000667,320.618000
den005d,123,50,29.556059,50,0,0,0.000667,321.767333
den005d,123,100,59.798952,100,0,0,0.000667,322.264667
den005d,456,10,6.506641,10,0,0,0.000667,316.460667
den005d,456,20,11.603477,20,0,0,0.000667,320.630000
den005d,456,50,29.319587,50,0,0,0.000667,321.582000
den005d,456,100,59.283599,100,0,0,0.000667,322.303333
den005d,789,10,6.191642,10,0,0,0.000667,318.868667
den005d,789,20,11.572187,20,0,0,0.000667,320.131333
den005d,789,50,29.463998,50,0,0,0.000667,321.786000
den005d,789,100,59.850198,100,0,0,0.000667,322.247333
den005d,1011,10,6.277743,10,0,0,0.000667,318.866000
den005d,1011,20,11.979079,20,0,0,0.000667,320.444667
den005d,1011,50,29.682615,50,0,0,0.000667,321.707333
den005d,1011,100,59.341156,100,0,0,0.000667,322.262000
den011d,42,10,5.203094,10,0,0,0.000000,166.873333
den011d,42,20,8.842236,20,0,0,0.000000,167.561333
den011d,42,50,22.084174,50,0,0,0.000000,168.177333
den011d,42,100,44.557066,100,0,0,0.000000,168.462667
den011d,123,10,4.641144,10,0,0,0.000000,167.054667
den011d,123,20,8.447348,20,0,0,0.000000,167.414667
den011d,123,50,21.356355,50,0,0,0.000000,168.278667
den011d,123,100,43.334150,100,0,0,0.000000,168.540000
den011d,456,10,4.500341,10,0,0,0.000000,165.988000
den011d,456,20,8.438701,20,0,0,0.000000,167.433333
den011d,456,50,21.584089,50,0,0,0.000000,168.062667
den011d,456,100,43.172508,100,0,0,0.000000,168.412000
den011d,789,10,4.490713,10,0,0,0.000000,166.673333
den011d,789,20,8.457206,20,0,0,0.000000,166.942667
den011d,789,50,21.565816,50,0,0,0.000000,168.241333
den011d,789,100,43.215979,100,0,0,0.000000,168.537333
den011d,1011,10,4.452691,10,0,0,0.000000,166.028000
den011d,1011,20,9.695069,20,0,0,0.000000,167.321333
den011d,1011,50,21.617723,50,0,0,0.000000,168.132000
den011d,1011,100,43.390255,100,0,0,0.000000,168.444000
den012d,42,10,8.659835,10,0,0,0.000000,258.950847
den012d,42,20,13.877647,20,0,0,0.000000,260.196610
den012d,42,50,36.427852,50,0,0,0.000000,261.311864
den012d,42,100,94.427411,100,0,0,0.000000,261.530508
den012d,123,10,10.900372,10,0,0,0.000847,258.166102
den012d,123,20,13.750659,20,0,0,0.000000,260.203390
den012d,123,50,36.436057,50,0,0,0.000000,261.328814
den012d,123,100,94.578684,100,0,0,0.000000,261.586441
den012d,456,10,10.852753,10,0,0,0.000000,258.074576
den012d,456,20,13.681540,20,0,0,0.000000,259.859322
den012d,456,50,36.491331,50,0,0,0.000000,261.101695
den012d,456,100,94.499886,100,0,0,0.000000,261.659322
den012d,789,10,10.936299,10,0,0,0.000000,258.377966
den012d,789,20,13.708791,20,0,0,0.000000,260.216949
den012d,789,50,36.387988,50,0,0,0.000000,261.354237
den012d,789,100,95.020800,100,0,0,0.000000,261.652542
den012d,1011,10,11.011490,10,0,0,0.000000,258.415254
den012d,1011,20,13.822113,20,0,0,0.000000,259.806780
den012d,1011,50,36.711733,50,0,0,0.000000,261.371186
den012d,1011,100,94.500577,100,0,0,0.000000,261.650847
den500d,42,10,11.451463,10,0,0,0.001875,337.361250
den500d,42,20,18.311293,20,0,0,0.001250,341.438750
den500d,42,50,46.391093,50,0,0,0.000625,343.092500
den500d,42,100,95.200015,100,0,0,0.000625,343.501250
den500d,123,10,11.777211,10,0,0,0.001875,339.055000
den500d,123,20,18.277830,20,0,0,0.001250,341.388750
den500d,123,50,46.405760,50,0,0,0.001250,342.982500
den500d,123,100,94.597800,100,0,0,0.000625,343.480000
den500d,456,10,11.789925,10,0,0,0.001875,339.283750
den500d,456,20,18.237866,20,0,0,0.001250,341.081250
den500d,456,50,46.274735,50,0,0,0.001250,342.972500
den500d,456,100,95.061045,100,0,0,0.000625,343.372500
den500d,789,10,11.767773,10,0,0,0.001875,336.936250
den500d,789,20,18.265116,20,0,0,0.001250,341.582500
den500d,789,50,46.442459,50,0,0,0.001875,342.935000
den500d,789,100,94.593381,100,0,0,0.000625,343.466250
den500d,1011,10,11.748127,10,0,0,0.001875,337.567500
den500d,1011,20,18.278171,20,0,0,0.001250,341.346250
den500d,1011,50,46.330390,50,0,0,0.001250,343.061250
den500d,1011,100,94.967971,100,0,0,0.000625,343.481250
den501d,42,10,10.791970,10,0,0,0.002564,254.588889
den501d,42,20,16.647964,20,0,0,0.000855,256.455556
den501d,42,50,41.918554,50,0,0,0.000000,257.686325
den501d,42,100,84.320201,100,0,0,0.000000,258.144444
den501d,123,10,10.294239,10,0,0,0.002564,254.976923
den501d,123,20,16.520576,20,0,0,0.000855,257.000855
den501d,123,50,42.231599,50,0,0,0.000000,257.898291
den501d,123,100,84.280056,100,0,0,0.000000,258.161538
den501d,456,10,10.318405,10,0,0,0.002564,254.652137
den501d,456,20,16.499547,20,0,0,0.000855,256.026496
den501d,456,50,42.045210,50,0,0,0.000000,257.917094
den501d,456,100,84.445435,100,0,0,0.000000,258.137607
den501d,789,10,10.310419,10,0,0,0.002564,254.734188
den501d,789,20,16.466325,20,0,0,0.000855,256.588889
den501d,789,50,42.016437,50,0,0,0.000000,257.768376
den501d,789,100,84.992277,100,0,0,0.000000,258.147863
den501d,1011,10,10.324486,10,0,0,0.002564,254.641880
den501d,1011,20,16.597029,20,0,0,0.000855,256.645299
den501d,1011,50,41.997030,50,0,0,0.000000,257.929060
den501d,1011,100,84.558517,100,0,0,0.000000,258.060684
den602d,42,10,18.187572,10,0,0,0.000000,578.428947
den602d,42,20,26.356950,20,0,0,0.000000,580.771053
den602d,42,50,71.090315,50,0,0,0.000000,581.594361
den602d,42,100,207.704381,100,0,0,0.000000,582.026692
den602d,123,10,24.013179,10,0,0,0.000000,579.003383
den602d,123,20,26.387767,20,0,0,0.000000,580.909398
den602d,123,50,70.883047,50,0,0,0.000000,581.693609
den602d,123,100,206.628480,100,0,0,0.000000,582.062782
den602d,456,10,23.947577,10,0,0,0.000000,578.919173
den602d,456,20,26.342222,20,0,0,0.000000,581.035714
den602d,456,50,70.534737,50,0,0,0.000000,581.704887
den602d,456,100,206.398440,100,0,0,0.000000,581.977068
den602d,789,10,23.921028,10,0,0,0.000000,577.906391
den602d,789,20,26.595225,20,0,0,0.000000,580.864286
den602d,789,50,70.427877,50,0,0,0.000000,581.651504
den602d,789,100,206.484020,100,0,0,0.000000,581.968045
den602d,1011,10,24.002540,10,0,0,0.000000,578.775564
den602d,1011,20,26.388519,20,0,0,0.000000,580.773308
den602d,1011,50,70.606831,50,0,0,0.000000,581.662030
den602d,1011,100,205.793810,100,0,0,0.000000,581.968797
hrt201n,42,10,13.327649,10,0,0,0.000847,254.691525
hrt201n,42,20,15.419118,20,0,0,0.000000,259.430508
hrt201n,42,50,39.503701,50,0,0,0.000000,261.584746
hrt201n,42,100,78.692914,100,0,0,0.000000,262.149153
hrt201n,123,10,8.137699,10,0,0,0.000000,256.415254
hrt201n,123,20,15.490661,20,0,0,0.000000,260.010169
hrt201n,123,50,39.154328,50,0,0,0.000000,261.584746
hrt201n,123,100,78.563141,100,0,0,0.000000,262.030508
hrt201n,456,10,8.099628,10,0,0,0.000847,256.496610
hrt201n,456,20,15.442140,20,0,0,0.000000,258.771186
hrt201n,456,50,39.162733,50,0,0,0.000000,261.600000
hrt201n,456,100,78.690148,100,0,0,0.000000,262.145763
hrt201n,789,10,8.146375,10,0,0,0.000000,256.281356
hrt201n,789,20,15.450927,20,0,0,0.000000,260.030508
hrt201n,789,50,39.530071,50,0,0,0.000000,261.547458
hrt201n,789,100,78.649913,100,0,0,0.000000,262.118644
hrt201n,1011,10,8.180509,10,0,0,0.000000,254.442373
hrt201n,1011,20,15.634289,20,0,0,0.000000,259.584746
hrt201n,1011,50,39.237513,50,0,0,0.000000,261.627119
hrt201n,1011,100,79.295791,100,0,0,0.000000,262.183051
lak506d,42,10,4.963427,10,0,0,0.000000,271.953153
lak506d,42,20,8.782985,20,0,0,0.000000,273.702703
lak506d,42,50,23.815731,50,0,0,0.000000,274.423423
lak506d,42,100,44.527601,100,0,0,0.000000,274.616216
lak506d,123,10,4.607301,10,0,0,0.000000,272.425225
lak506d,123,20,8.663181,20,0,0,0.000000,273.551351
lak506d,123,50,22.067202,50,0,0,0.000000,274.389189
lak506d,123,100,44.189488,100,0,0,0.000000,274.634234
lak506d,456,10,4.635564,10,0,0,0.000000,271.980180
lak506d,456,20,8.703126,20,0,0,0.000000,273.681081
lak506d,456,50,21.752344,50,0,0,0.000000,274.400000
lak506d,456,100,45.005143,100,0,0,0.000000,274.581982
lak506d,789,10,4.674436,10,0,0,0.000000,272.086486
lak506d,789,20,8.684300,20,0,0,0.000901,273.682883
lak506d,789,50,21.964090,50,0,0,0.000000,274.436036
lak506d,789,100,43.957955,100,0,0,0.000000,274.643243
lak506d,1011,10,4.643218,10,0,0,0.000000,272.336937
lak506d,1011,20,8.727371,20,0,0,0.000000,273.524324
lak506d,1011,50,21.855117,50,0,0,0.000000,274.315315
lak506d,1011,100,44.152539,100,0,0,0.000000,274.612613
