mapa,semente,padrao,nivel,n_pivos,n_instancias,exp_orig,exp_deg_fresco,exp_deg_congelado,delta_fresco,delta_congelado
arena,42,Radial,0.1,10,32,28.7188,33.4062,58.125,1.1632,2.0239
arena,42,Radial,0.1,20,32,28.9062,33.4375,58.3125,1.1568,2.0173
arena,42,Radial,0.1,50,32,28.2812,30.5938,57.9062,1.0818,2.0475
arena,42,Radial,0.1,100,32,28.5938,30.0625,58.0938,1.0514,2.0317
arena,42,Radial,0.2,10,32,28.7188,40.375,87.5938,1.4059,3.0501
arena,42,Radial,0.2,20,32,28.9062,37.0938,87.6875,1.2832,3.0335
arena,42,Radial,0.2,50,32,28.2812,34.125,86.625,1.2066,3.063
arena,42,Radial,0.2,100,32,28.5938,33.2188,86.6875,1.1617,3.0317
arena,42,Radial,0.3,10,32,28.7188,43.9375,109.125,1.5299,3.7998
arena,42,Radial,0.3,20,32,28.9062,45.0938,109.2188,1.56,3.7784
arena,42,Radial,0.3,50,32,28.2812,36.125,107.9062,1.2773,3.8155
arena,42,Radial,0.3,100,32,28.5938,34.6875,107.875,1.2131,3.7727
arena,42,Linear,0.1,10,9,10.4444,22.2222,40.8889,2.1277,3.9149
arena,42,Linear,0.1,20,9,10.4444,12.8889,40.8889,1.234,3.9149
arena,42,Linear,0.1,50,9,10.4444,12.8889,40.8889,1.234,3.9149
arena,42,Linear,0.1,100,9,10.4444,12.8889,40.8889,1.234,3.9149
arena,42,Linear,0.2,10,9,10.4444,37.1111,57.3333,3.5532,5.4894
arena,42,Linear,0.2,20,9,10.4444,24.2222,56.6667,2.3191,5.4255
arena,42,Linear,0.2,50,9,10.4444,17.7778,56.6667,1.7021,5.4255
arena,42,Linear,0.2,100,9,10.4444,16.2222,56.6667,1.5532,5.4255
arena,42,Linear,0.3,10,9,10.4444,32.6667,61.6667,3.1277,5.9043
arena,42,Linear,0.3,20,9,10.4444,26.7778,61.6667,2.5638,5.9043
arena,42,Linear,0.3,50,9,10.4444,20.5556,61.6667,1.9681,5.9043
arena,42,Linear,0.3,100,9,10.4444,18.2222,61.6667,1.7447,5.9043
arena,42,Sparse,0.1,10,30,35.9667,43.8333,83.2667,1.2187,2.3151
arena,42,Sparse,0.1,20,30,33.9333,40.6333,82.1,1.1974,2.4194
arena,42,Sparse,0.1,50,30,33.2333,36.8667,82.4,1.1093,2.4794
arena,42,Sparse,0.1,100,30,31.4333,32.6667,80.9,1.0392,2.5737
arena,42,Sparse,0.2,10,30,35.9667,42.4333,109.9,1.1798,3.0556
arena,42,Sparse,0.2,20,30,33.9333,42.1333,109.7333,1.2417,3.2338
arena,42,Sparse,0.2,50,30,33.2333,37.7667,109.8667,1.1364,3.3059
arena,42,Sparse,0.2,100,30,31.4333,33.6333,109.5333,1.07,3.4846
arena,42,Sparse,0.3,10,30,35.9667,54.6333,140.8667,1.519,3.9166
arena,42,Sparse,0.3,20,30,33.9333,50.7333,140.7333,1.4951,4.1473
arena,42,Sparse,0.3,50,30,33.2333,44.6,140.7,1.342,4.2337
arena,42,Sparse,0.3,100,30,31.4333,41.3,140.6667,1.3139,4.4751
arena,42,Organic,0.1,10,60,40.0833,46.7667,84.8167,1.1667,2.116
arena,42,Organic,0.1,20,60,37.7167,43.3833,83.5,1.1502,2.2139
arena,42,Organic,0.1,50,60,35.75,37.6667,81.35,1.0536,2.2755
arena,42,Organic,0.1,100,60,35.2833,36.95,81.1,1.0472,2.2985
arena,42,Organic,0.2,10,60,40.0833,63.3833,104.15,1.5813,2.5983
arena,42,Organic,0.2,20,60,37.7167,45.3667,103.3833,1.2028,2.7411
arena,42,Organic,0.2,50,60,35.75,38.1833,101.7333,1.0681,2.8457
arena,42,Organic,0.2,100,60,35.2833,36.9833,101.6667,1.0482,2.8814
arena,42,Organic,0.3,10,60,40.0833,71.2,153.6833,1.7763,3.8341
arena,42,Organic,0.3,20,60,37.7167,49.7333,152.4,1.3186,4.0407
arena,42,Organic,0.3,50,60,35.75,41.65,151.7667,1.165,4.2452
arena,42,Organic,0.3,100,60,35.2833,40.8833,151.6833,1.1587,4.299
arena,42,Stochastic,0.1,10,56,42.6429,49.5893,72.625,1.1629,1.7031
arena,42,Stochastic,0.1,20,56,40.2857,46.1964,70.5179,1.1467,1.7504
arena,42,Stochastic,0.1,50,56,37.4107,38.4286,67.7143,1.0272,1.81
arena,42,Stochastic,0.1,100,56,36.4286,37.1071,66.625,1.0186,1.8289
arena,42,Stochastic,0.2,10,56,42.6429,56.4464,103.1964,1.3237,2.42
arena,42,Stochastic,0.2,20,56,40.2857,47.0893,101.6964,1.1689,2.5244
arena,42,Stochastic,0.2,50,56,37.4107,40.1786,100.3214,1.074,2.6816
arena,42,Stochastic,0.2,100,56,36.4286,38.3036,99.2679,1.0515,2.725
arena,42,Stochastic,0.3,10,56,42.6429,67.9643,195.3393,1.5938,4.5808
arena,42,Stochastic,0.3,20,56,40.2857,62.7143,194.2143,1.5567,4.8209
arena,42,Stochastic,0.3,50,56,37.4107,47.4286,193.9286,1.2678,5.1838
arena,42,Stochastic,0.3,100,56,36.4286,45.1786,193.3393,1.2402,5.3074
arena2,42,Radial,0.1,10,145,238.0207,459.1448,242.8,1.929,1.0201
arena2,42,Radial,0.1,20,145,158.3034,178.2897,169.2345,1.1263,1.0691
arena2,42,Radial,0.1,50,145,111.2207,124.2414,123.0552,1.1171,1.1064
arena2,42,Radial,0.1,100,145,99.6966,100.6,112.0828,1.0091,1.1242
arena2,42,Radial,0.2,10,145,238.0207,422.0414,701.4138,1.7731,2.9469
arena2,42,Radial,0.2,20,145,158.3034,237.7517,652.131,1.5019,4.1195
arena2,42,Radial,0.2,50,145,111.2207,139.0483,601.7172,1.2502,5.4101
arena2,42,Radial,0.2,100,145,99.6966,103.2897,594.5379,1.036,5.9635
arena2,42,Radial,0.3,10,145,238.0207,537.3103,1415.6759,2.2574,5.9477
arena2,42,Radial,0.3,20,145,158.3034,384.869,1352.4621,2.4312,8.5435
arena2,42,Radial,0.3,50,145,111.2207,159.5793,1324.9517,1.4348,11.9128
arena2,42,Radial,0.3,100,145,99.6966,125.731,1314.1724,1.2611,13.1817
arena2,42,Linear,0.1,10,5,5.6,33.6,5.4,6.0,0.9643
arena2,42,Linear,0.1,20,5,4.4,13.2,4.4,3.0,1.0
arena2,42,Linear,0.1,50,5,4.4,5.8,4.4,1.3182,1.0
arena2,42,Linear,0.1,100,5,4.4,4.8,4.4,1.0909,1.0
arena2,42,Linear,0.2,10,5,5.6,33.6,5.4,6.0,0.9643
arena2,42,Linear,0.2,20,5,4.4,33.6,4.4,7.6364,1.0
arena2,42,Linear,0.2,50,5,4.4,18.2,4.4,4.1364,1.0
arena2,42,Linear,0.2,100,5,4.4,8.4,4.4,1.9091,1.0
arena2,42,Linear,0.3,10,5,5.6,31.4,5.4,5.6071,0.9643
arena2,42,Linear,0.3,20,5,4.4,31.4,4.4,7.1364,1.0
arena2,42,Linear,0.3,50,5,4.4,28.6,4.4,6.5,1.0
arena2,42,Linear,0.3,100,5,4.4,10.4,4.4,2.3636,1.0
arena2,42,Sparse,0.1,10,63,132.0476,259.4762,325.3968,1.965,2.4642
arena2,42,Sparse,0.1,20,63,97.0317,133.7937,287.746,1.3789,2.9655
arena2,42,Sparse,0.1,50,63,77.7302,85.7143,261.6984,1.1027,3.3668
arena2,42,Sparse,0.1,100,63,68.2381,75.7619,244.3492,1.1103,3.5808
arena2,42,Sparse,0.2,10,63,132.0476,299.381,398.1746,2.2672,3.0154
arena2,42,Sparse,0.2,20,63,97.0317,146.1746,370.8413,1.5065,3.8219
arena2,42,Sparse,0.2,50,63,77.7302,102.8571,348.9365,1.3233,4.4891
arena2,42,Sparse,0.2,100,63,68.2381,82.6349,334.6032,1.211,4.9035
arena2,42,Sparse,0.3,10,63,132.0476,310.5556,338.6508,2.3518,2.5646
arena2,42,Sparse,0.3,20,63,97.0317,163.4762,311.127,1.6848,3.2064
arena2,42,Sparse,0.3,50,63,77.7302,126.0794,290.0794,1.622,3.7319
arena2,42,Sparse,0.3,100,63,68.2381,86.3333,276.6984,1.2652,4.0549
arena2,42,Organic,0.1,10,45,63.0889,160.2,121.8,2.5393,1.9306
arena2,42,Organic,0.1,20,45,63.7778,149.2,121.9111,2.3394,1.9115
arena2,42,Organic,0.1,50,45,39.3111,66.0889,98.0222,1.6812,2.4935
arena2,42,Organic,0.1,100,45,38.5556,48.2667,97.2444,1.2519,2.5222
arena2,42,Organic,0.2,10,45,63.0889,195.4889,121.3778,3.0986,1.9239
arena2,42,Organic,0.2,20,45,63.7778,171.6,121.2667,2.6906,1.9014
arena2,42,Organic,0.2,50,45,39.3111,59.0,97.6,1.5008,2.4828
arena2,42,Organic,0.2,100,45,38.5556,54.7556,96.8,1.4202,2.5107
arena2,42,Organic,0.3,10,45,63.0889,239.0,129.9111,3.7883,2.0592
arena2,42,Organic,0.3,20,45,63.7778,194.4444,129.7556,3.0488,2.0345
arena2,42,Organic,0.3,50,45,39.3111,81.5556,106.0889,2.0746,2.6987
arena2,42,Organic,0.3,100,45,38.5556,52.1333,105.3778,1.3522,2.7331
arena2,42,Stochastic,0.1,10,205,256.0439,307.7415,629.7659,1.2019,2.4596
arena2,42,Stochastic,0.1,20,205,162.9756,223.0488,537.6244,1.3686,3.2988
arena2,42,Stochastic,0.1,50,205,130.2585,166.4195,505.7659,1.2776,3.8828
arena2,42,Stochastic,0.1,100,205,120.1854,138.2829,497.0439,1.1506,4.1356
arena2,42,Stochastic,0.2,10,205,256.0439,476.7951,1008.1463,1.8622,3.9374
arena2,42,Stochastic,0.2,20,205,162.9756,338.8439,920.8244,2.0791,5.6501
arena2,42,Stochastic,0.2,50,205,130.2585,196.3122,889.8829,1.5071,6.8317
arena2,42,Stochastic,0.2,100,205,120.1854,159.0976,882.8098,1.3238,7.3454
arena2,42,Stochastic,0.3,10,205,256.0439,580.5659,1678.2098,2.2674,6.5544
arena2,42,Stochastic,0.3,20,205,162.9756,474.1415,1635.1073,2.9093,10.0328
arena2,42,Stochastic,0.3,50,205,130.2585,281.6927,1612.1707,2.1626,12.3767
arena2,42,Stochastic,0.3,100,205,120.1854,218.4098,1607.6049,1.8173,13.376
brc000d,42,Radial,0.1,10,296,308.0743,639.4493,1341.2162,2.0756,4.3535
brc000d,42,Radial,0.1,20,296,213.1757,346.8885,1277.2432,1.6272,5.9915
brc000d,42,Radial,0.1,50,296,186.8007,213.8074,1259.4426,1.1446,6.7422
brc000d,42,Radial,0.1,100,296,165.4527,178.3649,1242.7568,1.078,7.5113
brc000d,42,Radial,0.2,10,296,308.0743,1384.4223,1414.2466,4.4938,4.5906
brc000d,42,Radial,0.2,20,296,213.1757,381.6791,1359.9595,1.7904,6.3795
brc000d,42,Radial,0.2,50,296,186.8007,224.4324,1343.0709,1.2015,7.1899
brc000d,42,Radial,0.2,100,296,165.4527,182.8311,1328.7905,1.105,8.0312
brc000d,42,Radial,0.3,10,296,308.0743,1201.973,1509.9561,3.9016,4.9013
brc000d,42,Radial,0.3,20,296,213.1757,411.3378,1454.625,1.9296,6.8236
brc000d,42,Radial,0.3,50,296,186.8007,236.9764,1440.2838,1.2686,7.7103
brc000d,42,Radial,0.3,100,296,165.4527,188.5372,1427.3412,1.1395,8.6269
brc000d,42,Linear,0.1,10,7,11.2857,32.2857,10.1429,2.8608,0.8987
brc000d,42,Linear,0.1,20,7,11.2857,40.1429,10.1429,3.557,0.8987
brc000d,42,Linear,0.1,50,7,11.2857,27.7143,10.1429,2.4557,0.8987
brc000d,42,Linear,0.1,100,7,11.2857,11.7143,10.1429,1.038,0.8987
brc000d,42,Linear,0.2,10,7,11.2857,28.7143,10.1429,2.5443,0.8987
brc000d,42,Linear,0.2,20,7,11.2857,39.4286,10.1429,3.4937,0.8987
brc000d,42,Linear,0.2,50,7,11.2857,27.8571,10.1429,2.4684,0.8987
brc000d,42,Linear,0.2,100,7,11.2857,11.1429,10.1429,0.9873,0.8987
brc000d,42,Linear,0.3,10,7,11.2857,30.0,8.5714,2.6582,0.7595
brc000d,42,Linear,0.3,20,7,11.2857,41.2857,8.5714,3.6582,0.7595
brc000d,42,Linear,0.3,50,7,11.2857,25.5714,8.5714,2.2658,0.7595
brc000d,42,Linear,0.3,100,7,11.2857,11.5714,8.5714,1.0253,0.7595
brc000d,42,Sparse,0.1,10,55,94.1091,268.7273,115.8364,2.8555,1.2309
brc000d,42,Sparse,0.1,20,55,77.9091,89.5818,103.6545,1.1498,1.3305
brc000d,42,Sparse,0.1,50,55,72.1818,73.6,97.8727,1.0196,1.3559
brc000d,42,Sparse,0.1,100,55,62.8364,62.8364,91.0727,1.0,1.4494
brc000d,42,Sparse,0.2,10,55,94.1091,394.4364,129.1818,4.1913,1.3727
brc000d,42,Sparse,0.2,20,55,77.9091,109.2182,117.8364,1.4019,1.5125
brc000d,42,Sparse,0.2,50,55,72.1818,82.5818,112.0364,1.1441,1.5521
brc000d,42,Sparse,0.2,100,55,62.8364,65.5636,105.2364,1.0434,1.6748
brc000d,42,Sparse,0.3,10,55,94.1091,370.8,177.2364,3.9401,1.8833
brc000d,42,Sparse,0.3,20,55,77.9091,146.7818,169.9818,1.884,2.1818
brc000d,42,Sparse,0.3,50,55,72.1818,105.5818,166.2727,1.4627,2.3035
brc000d,42,Sparse,0.3,100,55,62.8364,72.7818,159.9091,1.1583,2.5448
brc000d,42,Organic,0.1,10,85,179.9176,224.9294,379.3647,1.2502,2.1085
brc000d,42,Organic,0.1,20,85,126.7529,159.5882,338.3176,1.259,2.6691
brc000d,42,Organic,0.1,50,85,108.3882,105.4353,308.6235,0.9728,2.8474
brc000d,42,Organic,0.1,100,85,94.0588,94.4235,297.4353,1.0039,3.1622
brc000d,42,Organic,0.2,10,85,179.9176,421.6,493.2353,2.3433,2.7415
brc000d,42,Organic,0.2,20,85,126.7529,317.1176,465.2941,2.5019,3.6709
brc000d,42,Organic,0.2,50,85,108.3882,112.8941,449.9529,1.0416,4.1513
brc000d,42,Organic,0.2,100,85,94.0588,125.6471,443.4118,1.3358,4.7142
brc000d,42,Organic,0.3,10,85,179.9176,944.7882,780.1412,5.2512,4.3361
brc000d,42,Organic,0.3,20,85,126.7529,469.4471,746.4941,3.7036,5.8894
brc000d,42,Organic,0.3,50,85,108.3882,169.8941,732.0,1.5675,6.7535
brc000d,42,Organic,0.3,100,85,94.0588,148.0941,726.4235,1.5745,7.7231
brc000d,42,Stochastic,0.1,10,345,443.7884,604.4029,1692.6319,1.3619,3.8141
brc000d,42,Stochastic,0.1,20,345,302.5391,468.8145,1596.3768,1.5496,5.2766
brc000d,42,Stochastic,0.1,50,345,249.4725,323.5391,1553.3362,1.2969,6.2265
brc000d,42,Stochastic,0.1,100,345,227.9043,266.0174,1528.7275,1.1672,6.7078
brc000d,42,Stochastic,0.2,10,345,443.7884,681.3101,2607.629,1.5352,5.8758
brc000d,42,Stochastic,0.2,20,345,302.5391,567.7449,2567.8,1.8766,8.4875
brc000d,42,Stochastic,0.2,50,345,249.4725,398.7275,2511.3623,1.5983,10.0667
brc000d,42,Stochastic,0.2,100,345,227.9043,306.7159,2487.6812,1.3458,10.9155
brc000d,42,Stochastic,0.3,10,345,443.7884,1568.8638,4781.7362,3.5352,10.7748
brc000d,42,Stochastic,0.3,20,345,302.5391,836.0232,4744.2203,2.7634,15.6813
brc000d,42,Stochastic,0.3,50,345,249.4725,600.8,4718.8087,2.4083,18.9151
brc000d,42,Stochastic,0.3,100,345,227.9043,420.3855,4704.287,1.8446,20.6415
brc100d,42,Radial,0.1,10,106,170.5,255.1038,182.8962,1.4962,1.0727
brc100d,42,Radial,0.1,20,106,131.0094,167.0189,157.283,1.2749,1.2005
brc100d,42,Radial,0.1,50,106,88.6981,96.0566,112.7453,1.083,1.2711
brc100d,42,Radial,0.1,100,106,80.8679,83.2453,104.9151,1.0294,1.2974
brc100d,42,Radial,0.2,10,106,170.5,411.783,271.0755,2.4151,1.5899
brc100d,42,Radial,0.2,20,106,131.0094,220.0283,245.0755,1.6795,1.8707
brc100d,42,Radial,0.2,50,106,88.6981,109.3113,204.7642,1.2324,2.3086
brc100d,42,Radial,0.2,100,106,80.8679,91.1132,196.5189,1.1267,2.4301
brc100d,42,Radial,0.3,10,106,170.5,792.0283,270.4528,4.6453,1.5862
brc100d,42,Radial,0.3,20,106,131.0094,306.9528,244.7547,2.343,1.8682
brc100d,42,Radial,0.3,50,106,88.6981,150.1226,204.7547,1.6925,2.3084
brc100d,42,Radial,0.3,100,106,80.8679,93.3208,196.5094,1.154,2.43
brc100d,42,Linear,0.1,10,8,7.75,71.75,7.75,9.2581,1.0
brc100d,42,Linear,0.1,20,8,7.75,71.75,7.75,9.2581,1.0
brc100d,42,Linear,0.1,50,8,7.75,51.75,7.75,6.6774,1.0
brc100d,42,Linear,0.1,100,8,7.75,33.125,7.75,4.2742,1.0
brc100d,42,Linear,0.2,10,8,7.75,61.25,7.75,7.9032,1.0
brc100d,42,Linear,0.2,20,8,7.75,61.25,7.75,7.9032,1.0
brc100d,42,Linear,0.2,50,8,7.75,50.25,7.75,6.4839,1.0
brc100d,42,Linear,0.2,100,8,7.75,50.25,7.75,6.4839,1.0
brc100d,42,Linear,0.3,10,8,7.75,60.5,14.25,7.8065,1.8387
brc100d,42,Linear,0.3,20,8,7.75,60.5,14.25,7.8065,1.8387
brc100d,42,Linear,0.3,50,8,7.75,50.625,14.25,6.5323,1.8387
brc100d,42,Linear,0.3,100,8,7.75,50.625,14.25,6.5323,1.8387
brc100d,42,Sparse,0.1,10,97,159.2062,205.3402,200.3711,1.2898,1.2586
brc100d,42,Sparse,0.1,20,97,99.4536,110.4227,141.8144,1.1103,1.4259
brc100d,42,Sparse,0.1,50,97,79.0722,87.6082,117.2577,1.108,1.4829
brc100d,42,Sparse,0.1,100,97,69.3299,73.7835,107.5155,1.0642,1.5508
brc100d,42,Sparse,0.2,10,97,159.2062,237.4639,245.3814,1.4915,1.5413
brc100d,42,Sparse,0.2,20,97,99.4536,133.8866,185.4536,1.3462,1.8647
brc100d,42,Sparse,0.2,50,97,79.0722,90.6907,161.0928,1.1469,2.0373
brc100d,42,Sparse,0.2,100,97,69.3299,75.732,149.6598,1.0923,2.1587
brc100d,42,Sparse,0.3,10,97,159.2062,501.4742,232.7629,3.1498,1.462
brc100d,42,Sparse,0.3,20,97,99.4536,269.6907,177.701,2.7117,1.7868
brc100d,42,Sparse,0.3,50,97,79.0722,96.9691,154.4845,1.2263,1.9537
brc100d,42,Sparse,0.3,100,97,69.3299,85.3918,142.8351,1.2317,2.0602
brc100d,42,Organic,0.1,10,175,318.6971,336.9943,326.9086,1.0574,1.0258
brc100d,42,Organic,0.1,20,175,187.0457,205.7943,201.0686,1.1002,1.075
brc100d,42,Organic,0.1,50,175,170.0571,183.3029,184.1886,1.0779,1.0831
brc100d,42,Organic,0.1,100,175,161.64,163.2457,175.7657,1.0099,1.0874
brc100d,42,Organic,0.2,10,175,318.6971,455.0057,329.3886,1.4277,1.0335
brc100d,42,Organic,0.2,20,175,187.0457,249.48,207.9829,1.3338,1.1119
brc100d,42,Organic,0.2,50,175,170.0571,194.1143,191.0514,1.1415,1.1235
brc100d,42,Organic,0.2,100,175,161.64,165.84,182.6286,1.026,1.1298
brc100d,42,Organic,0.3,10,175,318.6971,484.1429,595.6914,1.5191,1.8691
brc100d,42,Organic,0.3,20,175,187.0457,327.1429,456.6686,1.749,2.4415
brc100d,42,Organic,0.3,50,175,170.0571,213.4857,424.9086,1.2554,2.4986
brc100d,42,Organic,0.3,100,175,161.64,179.2343,415.0514,1.1088,2.5678
brc100d,42,Stochastic,0.1,10,156,292.9872,350.1282,755.3333,1.195,2.578
brc100d,42,Stochastic,0.1,20,156,232.141,282.2564,710.359,1.2159,3.06
brc100d,42,Stochastic,0.1,50,156,130.0192,162.5705,588.0833,1.2504,4.523
brc100d,42,Stochastic,0.1,100,156,122.0,142.2564,577.6923,1.166,4.7352
brc100d,42,Stochastic,0.2,10,156,292.9872,563.109,1027.0128,1.922,3.5053
brc100d,42,Stochastic,0.2,20,156,232.141,425.7821,971.1859,1.8342,4.1836
brc100d,42,Stochastic,0.2,50,156,130.0192,191.5577,871.6795,1.4733,6.7042
brc100d,42,Stochastic,0.2,100,156,122.0,172.5192,863.2692,1.4141,7.076
brc100d,42,Stochastic,0.3,10,156,292.9872,1131.0192,1381.641,3.8603,4.7157
brc100d,42,Stochastic,0.3,20,156,232.141,663.859,1332.9615,2.8597,5.742
brc100d,42,Stochastic,0.3,50,156,130.0192,364.1218,1271.6731,2.8005,9.7807
brc100d,42,Stochastic,0.3,100,156,122.0,250.75,1263.8141,2.0553,10.3591
brc101d,42,Radial,0.1,10,102,185.2941,289.6569,182.4902,1.5632,0.9849
brc101d,42,Radial,0.1,20,102,121.1471,157.598,123.1176,1.3009,1.0163
brc101d,42,Radial,0.1,50,102,89.3922,100.1569,92.9314,1.1204,1.0396
brc101d,42,Radial,0.1,100,102,66.9902,70.4412,70.5882,1.0515,1.0537
brc101d,42,Radial,0.2,10,102,185.2941,530.6275,177.0392,2.8637,0.9554
brc101d,42,Radial,0.2,20,102,121.1471,221.6275,123.3627,1.8294,1.0183
brc101d,42,Radial,0.2,50,102,89.3922,118.7843,93.1765,1.3288,1.0423
brc101d,42,Radial,0.2,100,102,66.9902,73.4706,70.8333,1.0967,1.0574
brc101d,42,Radial,0.3,10,102,185.2941,653.2255,193.2647,3.5253,1.043
brc101d,42,Radial,0.3,20,102,121.1471,224.951,139.6176,1.8568,1.1525
brc101d,42,Radial,0.3,50,102,89.3922,128.9902,122.2549,1.443,1.3676
brc101d,42,Radial,0.3,100,102,66.9902,82.4216,103.3627,1.2304,1.543
brc101d,42,Linear,0.1,10,9,21.2222,87.0,21.2222,4.0995,1.0
brc101d,42,Linear,0.1,20,9,18.3333,71.0,18.3333,3.8727,1.0
brc101d,42,Linear,0.1,50,9,18.4444,64.2222,18.4444,3.4819,1.0
brc101d,42,Linear,0.1,100,9,10.7778,30.5556,10.7778,2.8351,1.0
brc101d,42,Linear,0.2,10,9,21.2222,149.1111,40.0,7.0262,1.8848
brc101d,42,Linear,0.2,20,9,18.3333,112.1111,34.4444,6.1152,1.8788
brc101d,42,Linear,0.2,50,9,18.4444,108.2222,34.7778,5.8675,1.8855
brc101d,42,Linear,0.2,100,9,10.7778,28.8889,28.6667,2.6804,2.6598
brc101d,42,Linear,0.3,10,9,21.2222,100.6667,31.5556,4.7435,1.4869
brc101d,42,Linear,0.3,20,9,18.3333,86.3333,28.1111,4.7091,1.5333
brc101d,42,Linear,0.3,50,9,18.4444,92.6667,28.3333,5.0241,1.5361
brc101d,42,Linear,0.3,100,9,10.7778,51.6667,22.3333,4.7938,2.0722
brc101d,42,Sparse,0.1,10,73,140.9452,228.3836,157.1096,1.6204,1.1147
brc101d,42,Sparse,0.1,20,73,98.1781,194.1507,112.9726,1.9775,1.1507
brc101d,42,Sparse,0.1,50,73,69.0411,126.411,88.2603,1.831,1.2784
brc101d,42,Sparse,0.1,100,73,61.9178,77.411,81.0959,1.2502,1.3097
brc101d,42,Sparse,0.2,10,73,140.9452,240.9178,157.1233,1.7093,1.1148
brc101d,42,Sparse,0.2,20,73,98.1781,203.9315,112.9863,2.0772,1.1508
brc101d,42,Sparse,0.2,50,73,69.0411,126.6849,88.274,1.8349,1.2786
brc101d,42,Sparse,0.2,100,73,61.9178,77.4521,81.1096,1.2509,1.31
brc101d,42,Sparse,0.3,10,73,140.9452,337.0959,158.8082,2.3917,1.1267
brc101d,42,Sparse,0.3,20,73,98.1781,251.9452,114.6849,2.5662,1.1681
brc101d,42,Sparse,0.3,50,73,69.0411,128.0685,91.3562,1.855,1.3232
brc101d,42,Sparse,0.3,100,73,61.9178,77.1096,84.6301,1.2454,1.3668
brc101d,42,Organic,0.1,10,53,96.2642,202.3774,95.7547,2.1023,0.9947
brc101d,42,Organic,0.1,20,53,66.5283,153.1509,66.5283,2.302,1.0
brc101d,42,Organic,0.1,50,53,47.8491,75.717,48.7358,1.5824,1.0185
brc101d,42,Organic,0.1,100,53,35.9811,38.3585,36.8679,1.0661,1.0246
brc101d,42,Organic,0.2,10,53,96.2642,310.0566,113.6604,3.2209,1.1807
brc101d,42,Organic,0.2,20,53,66.5283,173.1509,83.7547,2.6027,1.2589
brc101d,42,Organic,0.2,50,53,47.8491,99.0755,68.6981,2.0706,1.4357
brc101d,42,Organic,0.2,100,53,35.9811,41.5849,57.6604,1.1557,1.6025
brc101d,42,Organic,0.3,10,53,96.2642,353.0377,115.6226,3.6674,1.2011
brc101d,42,Organic,0.3,20,53,66.5283,178.7358,88.9245,2.6866,1.3366
brc101d,42,Organic,0.3,50,53,47.8491,111.8491,73.8679,2.3375,1.5438
brc101d,42,Organic,0.3,100,53,35.9811,47.0377,62.8302,1.3073,1.7462
brc101d,42,Stochastic,0.1,10,128,182.6328,208.8984,609.125,1.1438,3.3352
brc101d,42,Stochastic,0.1,20,128,153.5312,188.0156,581.2969,1.2246,3.7862
brc101d,42,Stochastic,0.1,50,128,140.4375,161.8047,567.0312,1.1521,4.0376
brc101d,42,Stochastic,0.1,100,128,126.9141,145.4922,552.0078,1.1464,4.3495
brc101d,42,Stochastic,0.2,10,128,182.6328,343.8203,764.7578,1.8826,4.1874
brc101d,42,Stochastic,0.2,20,128,153.5312,239.0547,741.1172,1.557,4.8271
brc101d,42,Stochastic,0.2,50,128,140.4375,194.25,724.2188,1.3832,5.1569
brc101d,42,Stochastic,0.2,100,128,126.9141,171.5156,711.2031,1.3514,5.6038
brc101d,42,Stochastic,0.3,10,128,182.6328,1003.25,993.5625,5.4933,5.4402
brc101d,42,Stochastic,0.3,20,128,153.5312,418.6094,975.9531,2.7265,6.3567
brc101d,42,Stochastic,0.3,50,128,140.4375,320.2969,963.5625,2.2807,6.8611
brc101d,42,Stochastic,0.3,100,128,126.9141,224.3516,953.4922,1.7677,7.5129
brc201d,42,Radial,0.1,10,99,157.0,152.1212,160.8485,0.9689,1.0245
brc201d,42,Radial,0.1,20,99,336.6869,345.3535,340.3434,1.0257,1.0109
brc201d,42,Radial,0.1,50,99,2277.5455,1854.0303,1854.0303,0.814,0.814
brc201d,42,Radial,0.1,100,99,67.404,69.4141,85.6566,1.0298,1.2708
brc201d,42,Radial,0.2,10,99,157.0,315.5657,160.8485,2.01,1.0245
brc201d,42,Radial,0.2,20,99,336.6869,611.0303,340.3434,1.8148,1.0109
brc201d,42,Radial,0.2,50,99,2277.5455,1725.9091,1725.9091,0.7578,0.7578
brc201d,42,Radial,0.2,100,99,67.404,74.899,85.6566,1.1112,1.2708
brc201d,42,Radial,0.3,10,99,157.0,296.4848,147.4141,1.8884,0.9389
brc201d,42,Radial,0.3,20,99,336.6869,987.1414,312.7071,2.9319,0.9288
brc201d,42,Radial,0.3,50,99,2277.5455,1508.303,1508.303,0.6622,0.6622
brc201d,42,Radial,0.3,100,99,67.404,77.5051,84.596,1.1499,1.2551
brc201d,42,Linear,0.1,10,11,12.1818,48.1818,11.9091,3.9552,0.9776
brc201d,42,Linear,0.1,20,11,11.5455,28.0,10.6364,2.4252,0.9213
brc201d,42,Linear,0.1,50,11,56.5455,50.7273,50.7273,0.8971,0.8971
brc201d,42,Linear,0.1,100,11,6.0909,14.0,6.0909,2.2985,1.0
brc201d,42,Linear,0.2,10,11,12.1818,45.0,11.9091,3.694,0.9776
brc201d,42,Linear,0.2,20,11,11.5455,38.6364,10.6364,3.3465,0.9213
brc201d,42,Linear,0.2,50,11,56.5455,47.5455,47.5455,0.8408,0.8408
brc201d,42,Linear,0.2,100,11,6.0909,10.8182,6.0909,1.7761,1.0
brc201d,42,Linear,0.3,10,11,12.1818,31.8182,11.4545,2.6119,0.9403
brc201d,42,Linear,0.3,20,11,11.5455,25.6364,10.1818,2.2205,0.8819
brc201d,42,Linear,0.3,50,11,56.5455,31.8182,31.8182,0.5627,0.5627
brc201d,42,Linear,0.3,100,11,6.0909,12.3636,6.0909,2.0299,1.0
brc201d,42,Sparse,0.1,10,67,243.9851,393.7463,242.7761,1.6138,0.995
brc201d,42,Sparse,0.1,20,67,253.3731,308.0,252.3881,1.2156,0.9961
brc201d,42,Sparse,0.1,50,67,1743.6119,1623.7761,1623.7761,0.9313,0.9313
brc201d,42,Sparse,0.1,100,67,51.5224,51.7015,51.7015,1.0035,1.0035
brc201d,42,Sparse,0.2,10,67,243.9851,428.0597,260.5075,1.7545,1.0677
brc201d,42,Sparse,0.2,20,67,253.3731,341.6567,266.1045,1.3484,1.0502
brc201d,42,Sparse,0.2,50,67,1743.6119,1471.9701,1471.9701,0.8442,0.8442
brc201d,42,Sparse,0.2,100,67,51.5224,58.6269,67.6119,1.1379,1.3123
brc201d,42,Sparse,0.3,10,67,243.9851,990.3433,273.6119,4.059,1.1214
brc201d,42,Sparse,0.3,20,67,253.3731,342.6567,279.0,1.3524,1.1011
brc201d,42,Sparse,0.3,50,67,1743.6119,1390.8657,1390.8657,0.7977,0.7977
brc201d,42,Sparse,0.3,100,67,51.5224,61.4627,81.6269,1.1929,1.5843
brc201d,42,Organic,0.1,10,64,80.3438,196.2812,105.0938,2.443,1.3081
brc201d,42,Organic,0.1,20,64,230.9219,213.0156,228.5625,0.9225,0.9898
brc201d,42,Organic,0.1,50,64,2046.6562,1929.4688,1929.4688,0.9427,0.9427
brc201d,42,Organic,0.1,100,64,59.3281,61.3281,83.2188,1.0337,1.4027
brc201d,42,Organic,0.2,10,64,80.3438,282.7031,104.2031,3.5187,1.297
brc201d,42,Organic,0.2,20,64,230.9219,240.0625,226.3281,1.0396,0.9801
brc201d,42,Organic,0.2,50,64,2046.6562,1572.0781,1572.0781,0.7681,0.7681
brc201d,42,Organic,0.2,100,64,59.3281,65.2031,85.9375,1.099,1.4485
brc201d,42,Organic,0.3,10,64,80.3438,593.4062,104.2812,7.3858,1.2979
brc201d,42,Organic,0.3,20,64,230.9219,274.9219,218.4531,1.1905,0.946
brc201d,42,Organic,0.3,50,64,2046.6562,1444.9219,1444.9219,0.706,0.706
brc201d,42,Organic,0.3,100,64,59.3281,72.9219,86.0469,1.2291,1.4504
brc201d,42,Stochastic,0.1,10,81,145.2222,187.9383,335.7531,1.2941,2.312
brc201d,42,Stochastic,0.1,20,81,142.9506,173.3827,331.642,1.2129,2.32
brc201d,42,Stochastic,0.1,50,81,3189.679,2882.8025,2882.8025,0.9038,0.9038
brc201d,42,Stochastic,0.1,100,81,82.8519,103.5309,276.2593,1.2496,3.3344
brc201d,42,Stochastic,0.2,10,81,145.2222,253.6173,434.642,1.7464,2.9929
brc201d,42,Stochastic,0.2,20,81,142.9506,265.3704,424.4321,1.8564,2.9691
brc201d,42,Stochastic,0.2,50,81,3189.679,2360.2963,2360.2963,0.74,0.74
brc201d,42,Stochastic,0.2,100,81,82.8519,116.5309,374.7778,1.4065,4.5235
brc201d,42,Stochastic,0.3,10,81,145.2222,395.2716,818.037,2.7218,5.633
brc201d,42,Stochastic,0.3,20,81,142.9506,407.7531,816.0123,2.8524,5.7084
brc201d,42,Stochastic,0.3,50,81,3189.679,1822.8025,1822.8025,0.5715,0.5715
brc201d,42,Stochastic,0.3,100,81,82.8519,174.5432,776.2593,2.1067,9.3692
brc202d,42,Radial,0.1,10,145,345.6966,438.9517,396.4759,1.2698,1.1469
brc202d,42,Radial,0.1,20,145,286.8897,370.9655,341.1724,1.2931,1.1892
brc202d,42,Radial,0.1,50,145,166.0759,171.531,203.2897,1.0328,1.2241
brc202d,42,Radial,0.1,100,145,145.2,147.9241,181.8069,1.0188,1.2521
brc202d,42,Radial,0.2,10,145,345.6966,383.6759,833.469,1.1099,2.411
brc202d,42,Radial,0.2,20,145,286.8897,322.8552,768.6414,1.1254,2.6792
brc202d,42,Radial,0.2,50,145,166.0759,186.2,669.4276,1.1212,4.0309
brc202d,42,Radial,0.2,100,145,145.2,155.8207,660.5172,1.0731,4.549
brc202d,42,Radial,0.3,10,145,345.6966,768.869,804.531,2.2241,2.3273
brc202d,42,Radial,0.3,20,145,286.8897,471.5103,740.1517,1.6435,2.5799
brc202d,42,Radial,0.3,50,145,166.0759,195.4759,642.3379,1.177,3.8677
brc202d,42,Radial,0.3,100,145,145.2,159.9448,633.531,1.1015,4.3632
brc202d,42,Linear,0.1,10,8,62.25,91.5,62.25,1.4699,1.0
brc202d,42,Linear,0.1,20,8,61.625,82.5,61.625,1.3387,1.0
brc202d,42,Linear,0.1,50,8,61.625,74.625,61.625,1.211,1.0
brc202d,42,Linear,0.1,100,8,16.5,28.375,16.5,1.7197,1.0
brc202d,42,Linear,0.2,10,8,62.25,59.875,31.125,0.9618,0.5
brc202d,42,Linear,0.2,20,8,61.625,59.875,30.5,0.9716,0.4949
brc202d,42,Linear,0.2,50,8,61.625,50.375,30.5,0.8174,0.4949
brc202d,42,Linear,0.2,100,8,16.5,59.5,16.25,3.6061,0.9848
brc202d,42,Linear,0.3,10,8,62.25,56.5,31.125,0.9076,0.5
brc202d,42,Linear,0.3,20,8,61.625,56.5,30.5,0.9168,0.4949
brc202d,42,Linear,0.3,50,8,61.625,49.75,30.5,0.8073,0.4949
brc202d,42,Linear,0.3,100,8,16.5,56.375,16.25,3.4167,0.9848
brc202d,42,Sparse,0.1,10,45,152.8,220.9556,155.9556,1.446,1.0207
brc202d,42,Sparse,0.1,20,45,132.4222,199.0889,135.3778,1.5034,1.0223
brc202d,42,Sparse,0.1,50,45,75.0,91.1111,77.9556,1.2148,1.0394
brc202d,42,Sparse,0.1,100,45,59.8,73.4222,62.6,1.2278,1.0468
brc202d,42,Sparse,0.2,10,45,152.8,465.0667,253.2222,3.0436,1.6572
brc202d,42,Sparse,0.2,20,45,132.4222,350.5556,235.3111,2.6473,1.777
brc202d,42,Sparse,0.2,50,45,75.0,323.4222,199.8444,4.3123,2.6646
brc202d,42,Sparse,0.2,100,45,59.8,95.4222,184.9556,1.5957,3.0929
brc202d,42,Sparse,0.3,10,45,152.8,533.7556,268.8222,3.4932,1.7593
brc202d,42,Sparse,0.3,20,45,132.4222,376.4222,250.8,2.8426,1.8939
brc202d,42,Sparse,0.3,50,45,75.0,325.4444,215.3556,4.3393,2.8714
brc202d,42,Sparse,0.3,100,45,59.8,103.0889,200.2667,1.7239,3.3489
brc202d,42,Organic,0.1,10,170,327.3294,290.2294,902.6,0.8867,2.7575
brc202d,42,Organic,0.1,20,170,292.2471,257.7529,842.2529,0.882,2.882
brc202d,42,Organic,0.1,50,170,175.7824,202.4706,724.3882,1.1518,4.1209
brc202d,42,Organic,0.1,100,170,157.5118,171.9529,703.3353,1.0917,4.4653
brc202d,42,Organic,0.2,10,170,327.3294,1033.6882,908.8235,3.1579,2.7765
brc202d,42,Organic,0.2,20,170,292.2471,506.3941,850.5059,1.7328,2.9102
brc202d,42,Organic,0.2,50,170,175.7824,307.5882,736.4824,1.7498,4.1897
brc202d,42,Organic,0.2,100,170,157.5118,178.8647,715.6765,1.1356,4.5436
brc202d,42,Organic,0.3,10,170,327.3294,2862.0471,901.2941,8.7436,2.7535
brc202d,42,Organic,0.3,20,170,292.2471,1000.7588,844.0706,3.4244,2.8882
brc202d,42,Organic,0.3,50,170,175.7824,346.2059,732.3706,1.9695,4.1663
brc202d,42,Organic,0.3,100,170,157.5118,185.2824,712.8765,1.1763,4.5259
brc202d,42,Stochastic,0.1,10,179,499.3911,633.1788,1329.3296,1.2679,2.6619
brc202d,42,Stochastic,0.1,20,179,343.1229,430.5866,1159.6536,1.2549,3.3797
brc202d,42,Stochastic,0.1,50,179,212.7821,279.1732,1060.8324,1.312,4.9855
brc202d,42,Stochastic,0.1,100,179,188.3743,241.5922,1028.2626,1.2825,5.4586
brc202d,42,Stochastic,0.2,10,179,499.3911,1038.1397,1710.3799,2.0788,3.4249
brc202d,42,Stochastic,0.2,20,179,343.1229,600.7821,1564.1285,1.7509,4.5585
brc202d,42,Stochastic,0.2,50,179,212.7821,415.3352,1487.5475,1.9519,6.9909
brc202d,42,Stochastic,0.2,100,179,188.3743,341.2011,1464.486,1.8113,7.7743
brc202d,42,Stochastic,0.3,10,179,499.3911,4238.7709,1904.8212,8.4879,3.8143
brc202d,42,Stochastic,0.3,20,179,343.1229,1510.6983,1803.2961,4.4028,5.2555
brc202d,42,Stochastic,0.3,50,179,212.7821,619.0112,1761.8827,2.9091,8.2802
brc202d,42,Stochastic,0.3,100,179,188.3743,436.0,1749.9832,2.3145,9.2899
brc203d,42,Radial,0.1,10,94,197.8085,296.6915,293.383,1.4999,1.4832
brc203d,42,Radial,0.1,20,94,97.1596,122.6489,200.9574,1.2623,2.0683
brc203d,42,Radial,0.1,50,94,58.5319,67.4787,159.1277,1.1529,2.7186
brc203d,42,Radial,0.1,100,94,54.8404,58.7021,152.9894,1.0704,2.7897
brc203d,42,Radial,0.2,10,94,197.8085,727.5532,285.9468,3.6781,1.4456
brc203d,42,Radial,0.2,20,94,97.1596,145.9681,196.8511,1.5024,2.0261
brc203d,42,Radial,0.2,50,94,58.5319,72.1702,155.1489,1.233,2.6507
brc203d,42,Radial,0.2,100,94,54.8404,60.3617,149.383,1.1007,2.724
brc203d,42,Radial,0.3,10,94,197.8085,693.0106,294.3404,3.5034,1.488
brc203d,42,Radial,0.3,20,94,97.1596,177.9362,206.4681,1.8314,2.125
brc203d,42,Radial,0.3,50,94,58.5319,82.5851,164.7979,1.4109,2.8155
brc203d,42,Radial,0.3,100,94,54.8404,64.234,159.0638,1.1713,2.9005
brc203d,42,Linear,0.1,10,10,31.1,432.5,172.5,13.9068,5.5466
brc203d,42,Linear,0.1,20,10,9.6,343.8,167.5,35.8125,17.4479
brc203d,42,Linear,0.1,50,10,9.1,43.5,164.8,4.7802,18.1099
brc203d,42,Linear,0.1,100,10,9.0,40.9,164.7,4.5444,18.3
brc203d,42,Linear,0.2,10,10,31.1,287.0,122.0,9.2283,3.9228
brc203d,42,Linear,0.2,20,10,9.6,211.2,117.9,22.0,12.2812
brc203d,42,Linear,0.2,50,10,9.1,128.1,116.8,14.0769,12.8352
brc203d,42,Linear,0.2,100,10,9.0,110.3,116.7,12.2556,12.9667
brc203d,42,Linear,0.3,10,10,31.1,234.1,91.5,7.5273,2.9421
brc203d,42,Linear,0.3,20,10,9.6,161.6,88.7,16.8333,9.2396
brc203d,42,Linear,0.3,50,10,9.1,100.7,87.5,11.0659,9.6154
brc203d,42,Linear,0.3,100,10,9.0,82.3,87.4,9.1444,9.7111
brc203d,42,Sparse,0.1,10,57,193.9298,322.6316,193.9298,1.6637,1.0
brc203d,42,Sparse,0.1,20,57,68.7018,87.193,68.7018,1.2692,1.0
brc203d,42,Sparse,0.1,50,57,53.3333,58.8246,53.3333,1.103,1.0
brc203d,42,Sparse,0.1,100,57,47.4561,52.3158,47.4561,1.1024,1.0
brc203d,42,Sparse,0.2,10,57,193.9298,435.5439,200.8246,2.2459,1.0356
brc203d,42,Sparse,0.2,20,57,68.7018,150.386,76.0526,2.189,1.107
brc203d,42,Sparse,0.2,50,57,53.3333,71.5439,62.2105,1.3414,1.1664
brc203d,42,Sparse,0.2,100,57,47.4561,53.5614,56.3333,1.1287,1.1871
brc203d,42,Sparse,0.3,10,57,193.9298,441.1579,199.7368,2.2748,1.0299
brc203d,42,Sparse,0.3,20,57,68.7018,153.3158,74.9649,2.2316,1.0912
brc203d,42,Sparse,0.3,50,57,53.3333,71.9649,62.4035,1.3493,1.1701
brc203d,42,Sparse,0.3,100,57,47.4561,53.807,56.5263,1.1338,1.1911
brc203d,42,Organic,0.1,10,51,107.098,192.5098,105.902,1.7975,0.9888
brc203d,42,Organic,0.1,20,51,82.1961,112.1176,82.902,1.364,1.0086
brc203d,42,Organic,0.1,50,51,33.9608,42.2549,36.6863,1.2442,1.0803
brc203d,42,Organic,0.1,100,51,33.0784,34.5882,35.8039,1.0456,1.0824
brc203d,42,Organic,0.2,10,51,107.098,288.3137,108.6471,2.6921,1.0145
brc203d,42,Organic,0.2,20,51,82.1961,207.9804,86.1569,2.5303,1.0482
brc203d,42,Organic,0.2,50,51,33.9608,65.6471,40.7255,1.933,1.1992
brc203d,42,Organic,0.2,100,51,33.0784,37.0196,39.8235,1.1191,1.2039
brc203d,42,Organic,0.3,10,51,107.098,342.4902,120.5294,3.1979,1.1254
brc203d,42,Organic,0.3,20,51,82.1961,336.6275,102.549,4.0954,1.2476
brc203d,42,Organic,0.3,50,51,33.9608,137.8627,68.4314,4.0595,2.015
brc203d,42,Organic,0.3,100,51,33.0784,49.6275,64.7059,1.5003,1.9561
brc203d,42,Stochastic,0.1,10,68,124.1471,181.3088,192.6029,1.4604,1.5514
brc203d,42,Stochastic,0.1,20,68,76.3382,106.2206,136.1765,1.3914,1.7839
brc203d,42,Stochastic,0.1,50,68,53.5441,70.5588,124.7353,1.3178,2.3296
brc203d,42,Stochastic,0.1,100,68,47.3676,59.4118,113.4706,1.2543,2.3955
brc203d,42,Stochastic,0.2,10,68,124.1471,199.6471,257.4853,1.6081,2.074
brc203d,42,Stochastic,0.2,20,68,76.3382,119.3088,219.1471,1.5629,2.8707
brc203d,42,Stochastic,0.2,50,68,53.5441,94.9265,203.0735,1.7729,3.7926
brc203d,42,Stochastic,0.2,100,68,47.3676,78.5588,197.8235,1.6585,4.1763
brc203d,42,Stochastic,0.3,10,68,124.1471,825.4118,349.6618,6.6487,2.8165
brc203d,42,Stochastic,0.3,20,68,76.3382,307.4853,319.5294,4.0279,4.1857
brc203d,42,Stochastic,0.3,50,68,53.5441,165.6765,307.5294,3.0942,5.7435
brc203d,42,Stochastic,0.3,100,68,47.3676,118.9559,302.9412,2.5113,6.3955
den000d,42,Radial,0.1,10,374,1551.4973,1582.8262,2574.8877,1.0202,1.6596
den000d,42,Radial,0.1,20,374,790.1791,849.877,2333.0749,1.0755,2.9526
den000d,42,Radial,0.1,50,374,467.7807,387.6872,2070.5187,0.8288,4.4263
den000d,42,Radial,0.1,100,374,342.393,346.4118,1955.2754,1.0117,5.7106
den000d,42,Radial,0.2,10,374,1551.4973,1471.0775,2592.0107,0.9482,1.6707
den000d,42,Radial,0.2,20,374,790.1791,791.754,2371.7032,1.002,3.0015
den000d,42,Radial,0.2,50,374,467.7807,397.6872,2138.5187,0.8502,4.5716
den000d,42,Radial,0.2,100,374,342.393,345.7326,2034.5508,1.0098,5.9421
den000d,42,Radial,0.3,10,374,1551.4973,1214.7513,2156.4064,0.783,1.3899
den000d,42,Radial,0.3,20,374,790.1791,826.5,2011.0214,1.046,2.545
den000d,42,Radial,0.3,50,374,467.7807,403.2139,1793.5936,0.862,3.8343
den000d,42,Radial,0.3,100,374,342.393,350.5374,1698.4572,1.0238,4.9605
den000d,42,Linear,0.1,10,6,10.8333,125.3333,10.8333,11.5692,1.0
den000d,42,Linear,0.1,20,6,10.8333,70.8333,10.8333,6.5385,1.0
den000d,42,Linear,0.1,50,6,10.8333,15.6667,10.8333,1.4462,1.0
den000d,42,Linear,0.1,100,6,10.8333,15.6667,10.8333,1.4462,1.0
den000d,42,Linear,0.2,10,6,10.8333,96.6667,10.8333,8.9231,1.0
den000d,42,Linear,0.2,20,6,10.8333,105.1667,10.8333,9.7077,1.0
den000d,42,Linear,0.2,50,6,10.8333,73.3333,10.8333,6.7692,1.0
den000d,42,Linear,0.2,100,6,10.8333,23.5,10.8333,2.1692,1.0
den000d,42,Linear,0.3,10,6,10.8333,69.6667,10.8333,6.4308,1.0
den000d,42,Linear,0.3,20,6,10.8333,69.6667,10.8333,6.4308,1.0
den000d,42,Linear,0.3,50,6,10.8333,69.6667,10.8333,6.4308,1.0
den000d,42,Linear,0.3,100,6,10.8333,37.8333,10.8333,3.4923,1.0
den000d,42,Sparse,0.1,10,66,178.9242,229.7576,356.7424,1.2841,1.9938
den000d,42,Sparse,0.1,20,66,143.4697,169.9242,337.7879,1.1844,2.3544
den000d,42,Sparse,0.1,50,66,104.6364,108.9242,296.5455,1.041,2.8341
den000d,42,Sparse,0.1,100,66,81.1818,90.8636,271.9545,1.1193,3.3499
den000d,42,Sparse,0.2,10,66,178.9242,345.3788,427.0303,1.9303,2.3867
den000d,42,Sparse,0.2,20,66,143.4697,185.8939,407.6212,1.2957,2.8412
den000d,42,Sparse,0.2,50,66,104.6364,112.303,357.0758,1.0733,3.4125
den000d,42,Sparse,0.2,100,66,81.1818,98.1212,336.1212,1.2087,4.1404
den000d,42,Sparse,0.3,10,66,178.9242,522.9394,500.197,2.9227,2.7956
den000d,42,Sparse,0.3,20,66,143.4697,306.4394,483.2424,2.1359,3.3683
den000d,42,Sparse,0.3,50,66,104.6364,188.3485,440.5758,1.8,4.2105
den000d,42,Sparse,0.3,100,66,81.1818,114.4394,419.4545,1.4097,5.1669
den000d,42,Organic,0.1,10,73,146.8082,527.1507,198.9041,3.5907,1.3549
den000d,42,Organic,0.1,20,73,86.5753,267.5479,143.7534,3.0903,1.6604
den000d,42,Organic,0.1,50,73,48.411,66.6164,105.6438,1.3761,2.1822
den000d,42,Organic,0.1,100,73,52.1918,62.0822,109.5342,1.1895,2.0987
den000d,42,Organic,0.2,10,73,146.8082,865.6438,225.8767,5.8964,1.5386
den000d,42,Organic,0.2,20,73,86.5753,616.5753,174.8219,7.1218,2.0193
den000d,42,Organic,0.2,50,73,48.411,125.7397,138.6849,2.5973,2.8647
den000d,42,Organic,0.2,100,73,52.1918,71.0274,142.2466,1.3609,2.7255
den000d,42,Organic,0.3,10,73,146.8082,1079.3151,220.0411,7.3519,1.4988
den000d,42,Organic,0.3,20,73,86.5753,884.3973,169.4932,10.2153,1.9578
den000d,42,Organic,0.3,50,73,48.411,233.863,135.4247,4.8308,2.7974
den000d,42,Organic,0.3,100,73,52.1918,96.9178,138.2055,1.857,2.648
den000d,42,Stochastic,0.1,10,542,1332.8469,1804.2214,3583.238,1.3537,2.6884
den000d,42,Stochastic,0.1,20,542,783.5572,963.3598,3086.9483,1.2295,3.9397
den000d,42,Stochastic,0.1,50,542,517.4686,651.0646,2826.2546,1.2582,5.4617
den000d,42,Stochastic,0.1,100,542,367.4077,436.7749,2704.9963,1.1888,7.3624
den000d,42,Stochastic,0.2,10,542,1332.8469,1703.5314,4830.1384,1.2781,3.6239
den000d,42,Stochastic,0.2,20,542,783.5572,1634.5332,4441.9852,2.086,5.669
den000d,42,Stochastic,0.2,50,542,517.4686,864.869,4122.6052,1.6713,7.9669
den000d,42,Stochastic,0.2,100,542,367.4077,529.1365,4016.5867,1.4402,10.9322
den000d,42,Stochastic,0.3,10,542,1332.8469,4612.393,6867.5978,3.4606,5.1526
den000d,42,Stochastic,0.3,20,542,783.5572,2428.5406,6607.9613,3.0994,8.4333
den000d,42,Stochastic,0.3,50,542,517.4686,1135.5018,6389.262,2.1943,12.3471
den000d,42,Stochastic,0.3,100,542,367.4077,794.4391,6324.9299,2.1623,17.215
den005d,42,Radial,0.1,10,62,104.2581,222.4839,98.5806,2.134,0.9455
den005d,42,Radial,0.1,20,62,71.5323,91.2742,71.5161,1.276,0.9998
den005d,42,Radial,0.1,50,62,55.2903,55.6613,55.2903,1.0067,1.0
den005d,42,Radial,0.1,100,62,36.9516,37.9194,36.9516,1.0262,1.0
den005d,42,Radial,0.2,10,62,104.2581,277.0323,97.7419,2.6572,0.9375
den005d,42,Radial,0.2,20,62,71.5323,119.2742,72.5484,1.6674,1.0142
den005d,42,Radial,0.2,50,62,55.2903,66.2581,58.4516,1.1984,1.0572
den005d,42,Radial,0.2,100,62,36.9516,40.8226,40.129,1.1048,1.086
den005d,42,Radial,0.3,10,62,104.2581,268.4677,96.9677,2.575,0.9301
den005d,42,Radial,0.3,20,62,71.5323,141.3871,72.0806,1.9766,1.0077
den005d,42,Radial,0.3,50,62,55.2903,65.8548,58.4516,1.1911,1.0572
den005d,42,Radial,0.3,100,62,36.9516,40.8387,40.129,1.1052,1.086
den005d,42,Linear,0.1,10,9,11.7778,17.7778,10.7778,1.5094,0.9151
den005d,42,Linear,0.1,20,9,11.4444,40.4444,10.4444,3.534,0.9126
den005d,42,Linear,0.1,50,9,8.8889,10.3333,8.4444,1.1625,0.95
den005d,42,Linear,0.1,100,9,6.0,9.1111,6.0,1.5185,1.0
den005d,42,Linear,0.2,10,9,11.7778,17.5556,10.7778,1.4906,0.9151
den005d,42,Linear,0.2,20,9,11.4444,39.0,10.4444,3.4078,0.9126
den005d,42,Linear,0.2,50,9,8.8889,14.8889,8.4444,1.675,0.95
den005d,42,Linear,0.2,100,9,6.0,14.0,6.0,2.3333,1.0
den005d,42,Linear,0.3,10,9,11.7778,21.7778,10.5556,1.8491,0.8962
den005d,42,Linear,0.3,20,9,11.4444,43.2222,10.2222,3.7767,0.8932
den005d,42,Linear,0.3,50,9,8.8889,15.3333,8.4444,1.725,0.95
den005d,42,Linear,0.3,100,9,6.0,14.2222,6.0,2.3704,1.0
den005d,42,Sparse,0.1,10,62,164.0161,218.5645,157.129,1.3326,0.958
den005d,42,Sparse,0.1,20,62,83.129,92.1935,103.5645,1.109,1.2458
den005d,42,Sparse,0.1,50,62,46.2581,53.5968,62.1452,1.1586,1.3434
den005d,42,Sparse,0.1,100,62,45.5,49.5645,61.1935,1.0893,1.3449
den005d,42,Sparse,0.2,10,62,164.0161,333.4032,164.8065,2.0327,1.0048
den005d,42,Sparse,0.2,20,62,83.129,151.9194,113.4839,1.8275,1.3652
den005d,42,Sparse,0.2,50,62,46.2581,57.0968,69.5323,1.2343,1.5031
den005d,42,Sparse,0.2,100,62,45.5,51.371,68.5806,1.129,1.5073
den005d,42,Sparse,0.3,10,62,164.0161,636.1452,164.5806,3.8786,1.0034
den005d,42,Sparse,0.3,20,62,83.129,161.0323,113.4032,1.9371,1.3642
den005d,42,Sparse,0.3,50,62,46.2581,60.8548,69.6935,1.3156,1.5066
den005d,42,Sparse,0.3,100,62,45.5,54.8548,68.7903,1.2056,1.5119
den005d,42,Organic,0.1,10,45,86.6,245.6222,85.2,2.8363,0.9838
den005d,42,Organic,0.1,20,45,65.4,111.5556,64.7333,1.7057,0.9898
den005d,42,Organic,0.1,50,45,48.6889,65.1111,49.6444,1.3373,1.0196
den005d,42,Organic,0.1,100,45,47.4,49.7333,48.3556,1.0492,1.0202
den005d,42,Organic,0.2,10,45,86.6,242.2222,85.3333,2.797,0.9854
den005d,42,Organic,0.2,20,45,65.4,126.0889,64.8667,1.928,0.9918
den005d,42,Organic,0.2,50,45,48.6889,67.2222,49.8667,1.3806,1.0242
den005d,42,Organic,0.2,100,45,47.4,53.7333,48.5778,1.1336,1.0248
den005d,42,Organic,0.3,10,45,86.6,876.5778,165.0,10.1221,1.9053
den005d,42,Organic,0.3,20,45,65.4,213.8,143.8889,3.2691,2.2001
den005d,42,Organic,0.3,50,45,48.6889,89.7778,118.9333,1.8439,2.4427
den005d,42,Organic,0.3,100,45,47.4,67.2667,117.2444,1.4191,2.4735
den005d,42,Stochastic,0.1,10,73,231.1233,253.7671,453.9589,1.098,1.9641
den005d,42,Stochastic,0.1,20,73,116.137,142.8082,366.4384,1.2297,3.1552
den005d,42,Stochastic,0.1,50,73,89.4795,111.2877,334.7671,1.2437,3.7413
den005d,42,Stochastic,0.1,100,73,85.1507,97.2329,327.2192,1.1419,3.8428
den005d,42,Stochastic,0.2,10,73,231.1233,635.6438,629.1233,2.7502,2.722
den005d,42,Stochastic,0.2,20,73,116.137,221.5068,542.6849,1.9073,4.6728
den005d,42,Stochastic,0.2,50,73,89.4795,159.4384,519.7808,1.7818,5.8089
den005d,42,Stochastic,0.2,100,73,85.1507,127.9863,513.3836,1.5031,6.0291
den005d,42,Stochastic,0.3,10,73,231.1233,483.6575,670.8219,2.0926,2.9024
den005d,42,Stochastic,0.3,20,73,116.137,282.8904,625.4521,2.4358,5.3855
den005d,42,Stochastic,0.3,50,73,89.4795,213.1918,614.6849,2.3826,6.8696
den005d,42,Stochastic,0.3,100,73,85.1507,150.2192,610.9315,1.7642,7.1747
den011d,42,Radial,0.1,10,102,131.8235,142.3137,190.0098,1.0796,1.4414
den011d,42,Radial,0.1,20,102,107.7059,109.4706,165.0098,1.0164,1.532
den011d,42,Radial,0.1,50,102,75.6667,84.2549,134.2157,1.1135,1.7738
den011d,42,Radial,0.1,100,102,66.6667,69.6765,125.1078,1.0451,1.8766
den011d,42,Radial,0.2,10,102,131.8235,231.3431,256.0392,1.7549,1.9423
den011d,42,Radial,0.2,20,102,107.7059,127.402,232.1569,1.1829,2.1555
den011d,42,Radial,0.2,50,102,75.6667,91.8431,200.3725,1.2138,2.6481
den011d,42,Radial,0.2,100,102,66.6667,75.3824,190.5882,1.1307,2.8588
den011d,42,Radial,0.3,10,102,131.8235,297.2157,254.4902,2.2546,1.9305
den011d,42,Radial,0.3,20,102,107.7059,190.5294,232.8922,1.769,2.1623
den011d,42,Radial,0.3,50,102,75.6667,98.598,202.7255,1.3031,2.6792
den011d,42,Radial,0.3,100,102,66.6667,79.4706,196.1078,1.1921,2.9416
den011d,42,Linear,0.1,10,8,10.375,47.5,10.125,4.5783,0.9759
den011d,42,Linear,0.1,20,8,10.375,25.25,10.125,2.4337,0.9759
den011d,42,Linear,0.1,50,8,9.25,25.125,9.25,2.7162,1.0
den011d,42,Linear,0.1,100,8,9.125,11.75,9.125,1.2877,1.0
den011d,42,Linear,0.2,10,8,10.375,58.375,16.125,5.6265,1.5542
den011d,42,Linear,0.2,20,8,10.375,33.625,16.125,3.241,1.5542
den011d,42,Linear,0.2,50,8,9.25,42.75,15.25,4.6216,1.6486
den011d,42,Linear,0.2,100,8,9.125,14.5,15.125,1.589,1.6575
den011d,42,Linear,0.3,10,8,10.375,50.0,16.125,4.8193,1.5542
den011d,42,Linear,0.3,20,8,10.375,33.875,16.125,3.2651,1.5542
den011d,42,Linear,0.3,50,8,9.25,42.375,15.25,4.5811,1.6486
den011d,42,Linear,0.3,100,8,9.125,19.0,15.125,2.0822,1.6575
den011d,42,Sparse,0.1,10,31,78.3871,143.3226,87.3871,1.8284,1.1148
den011d,42,Sparse,0.1,20,31,64.8387,71.6452,73.8387,1.105,1.1388
den011d,42,Sparse,0.1,50,31,33.5161,35.2581,42.5161,1.052,1.2685
den011d,42,Sparse,0.1,100,31,26.9677,28.1613,35.9677,1.0443,1.3337
den011d,42,Sparse,0.2,10,31,78.3871,131.6774,144.5161,1.6798,1.8436
den011d,42,Sparse,0.2,20,31,64.8387,100.4516,127.6774,1.5493,1.9692
den011d,42,Sparse,0.2,50,31,33.5161,61.9677,97.129,1.8489,2.898
den011d,42,Sparse,0.2,100,31,26.9677,42.5806,94.4839,1.5789,3.5036
den011d,42,Sparse,0.3,10,31,78.3871,183.3226,127.8065,2.3387,1.6305
den011d,42,Sparse,0.3,20,31,64.8387,111.1935,115.8387,1.7149,1.7866
den011d,42,Sparse,0.3,50,31,33.5161,58.0645,100.129,1.7324,2.9875
den011d,42,Sparse,0.3,100,31,26.9677,46.871,97.7419,1.738,3.6244
den011d,42,Organic,0.1,10,47,61.7234,114.0213,113.5532,1.8473,1.8397
den011d,42,Organic,0.1,20,47,55.4468,74.4043,105.6809,1.3419,1.906
den011d,42,Organic,0.1,50,47,35.5532,42.0,81.0851,1.1813,2.2807
den011d,42,Organic,0.1,100,47,33.7234,36.7447,78.5532,1.0896,2.3293
den011d,42,Organic,0.2,10,47,61.7234,110.1702,115.4255,1.7849,1.87
den011d,42,Organic,0.2,20,47,55.4468,74.0,108.383,1.3346,1.9547
den011d,42,Organic,0.2,50,47,35.5532,46.2766,84.3404,1.3016,2.3722
den011d,42,Organic,0.2,100,47,33.7234,37.4043,82.383,1.1091,2.4429
den011d,42,Organic,0.3,10,47,61.7234,308.2766,115.1489,4.9945,1.8656
den011d,42,Organic,0.3,20,47,55.4468,131.6383,108.1702,2.3741,1.9509
den011d,42,Organic,0.3,50,47,35.5532,62.9787,84.6383,1.7714,2.3806
den011d,42,Organic,0.3,100,47,33.7234,41.0,82.6809,1.2158,2.4517
den011d,42,Stochastic,0.1,10,54,109.963,136.7963,140.2778,1.244,1.2757
den011d,42,Stochastic,0.1,20,54,86.5,101.6852,120.6111,1.1756,1.3943
den011d,42,Stochastic,0.1,50,54,47.5741,59.6667,86.6667,1.2542,1.8217
den011d,42,Stochastic,0.1,100,54,36.8519,42.7037,77.6667,1.1588,2.1075
den011d,42,Stochastic,0.2,10,54,109.963,140.5556,192.8519,1.2782,1.7538
den011d,42,Stochastic,0.2,20,54,86.5,107.1852,179.7963,1.2391,2.0786
den011d,42,Stochastic,0.2,50,54,47.5741,73.8519,149.2593,1.5524,3.1374
den011d,42,Stochastic,0.2,100,54,36.8519,50.463,138.2407,1.3693,3.7513
den011d,42,Stochastic,0.3,10,54,109.963,290.7037,246.9815,2.6437,2.246
den011d,42,Stochastic,0.3,20,54,86.5,198.2407,238.1667,2.2918,2.7534
den011d,42,Stochastic,0.3,50,54,47.5741,114.3704,222.2963,2.404,4.6726
den011d,42,Stochastic,0.3,100,54,36.8519,78.8148,214.2593,2.1387,5.8141
den012d,42,Radial,0.1,10,125,183.032,244.104,191.112,1.3337,1.0441
den012d,42,Radial,0.1,20,125,139.696,169.248,143.92,1.2115,1.0302
den012d,42,Radial,0.1,50,125,101.312,104.528,105.552,1.0317,1.0419
den012d,42,Radial,0.1,100,125,75.824,76.4,80.368,1.0076,1.0599
den012d,42,Radial,0.2,10,125,183.032,263.8,494.928,1.4413,2.7041
den012d,42,Radial,0.2,20,125,139.696,154.328,467.488,1.1047,3.3465
den012d,42,Radial,0.2,50,125,101.312,102.608,442.352,1.0128,4.3662
den012d,42,Radial,0.2,100,125,75.824,86.544,413.672,1.1414,5.4557
den012d,42,Radial,0.3,10,125,183.032,384.248,483.832,2.0993,2.6434
den012d,42,Radial,0.3,20,125,139.696,208.008,457.6,1.489,3.2757
den012d,42,Radial,0.3,50,125,101.312,116.368,430.904,1.1486,4.2532
den012d,42,Radial,0.3,100,125,75.824,91.952,402.32,1.2127,5.306
den012d,42,Linear,0.1,10,14,16.7857,145.3571,22.2857,8.6596,1.3277
den012d,42,Linear,0.1,20,14,16.7857,97.1429,22.2857,5.7872,1.3277
den012d,42,Linear,0.1,50,14,16.7857,62.1429,22.2857,3.7021,1.3277
den012d,42,Linear,0.1,100,14,16.7857,22.0,22.2857,1.3106,1.3277
den012d,42,Linear,0.2,10,14,16.7857,272.0,33.4286,16.2043,1.9915
den012d,42,Linear,0.2,20,14,16.7857,90.5714,33.4286,5.3957,1.9915
den012d,42,Linear,0.2,50,14,16.7857,60.2857,33.4286,3.5915,1.9915
den012d,42,Linear,0.2,100,14,16.7857,53.0,33.4286,3.1574,1.9915
den012d,42,Linear,0.3,10,14,16.7857,274.1429,63.9286,16.3319,3.8085
den012d,42,Linear,0.3,20,14,16.7857,81.0,63.9286,4.8255,3.8085
den012d,42,Linear,0.3,50,14,16.7857,50.2143,63.8571,2.9915,3.8043
den012d,42,Linear,0.3,100,14,16.7857,55.2143,63.8571,3.2894,3.8043
den012d,42,Sparse,0.1,10,46,64.5652,142.0,425.3478,2.1993,6.5879
den012d,42,Sparse,0.1,20,46,63.8478,112.4348,418.2391,1.761,6.5506
den012d,42,Sparse,0.1,50,46,59.2609,93.7174,413.8043,1.5814,6.9828
den012d,42,Sparse,0.1,100,46,58.7826,74.1739,411.087,1.2618,6.9933
den012d,42,Sparse,0.2,10,46,64.5652,333.3478,369.3478,5.163,5.7205
den012d,42,Sparse,0.2,20,46,63.8478,198.7174,366.4565,3.1124,5.7395
den012d,42,Sparse,0.2,50,46,59.2609,120.6957,364.3478,2.0367,6.1482
den012d,42,Sparse,0.2,100,46,58.7826,87.4565,362.8478,1.4878,6.1727
den012d,42,Sparse,0.3,10,46,64.5652,431.4348,378.0,6.6822,5.8545
den012d,42,Sparse,0.3,20,46,63.8478,243.7174,376.3043,3.8172,5.8938
den012d,42,Sparse,0.3,50,46,59.2609,136.8043,374.1957,2.3085,6.3144
den012d,42,Sparse,0.3,100,46,58.7826,99.8043,372.6087,1.6979,6.3388
den012d,42,Organic,0.1,10,91,102.5714,152.5385,272.1319,1.4871,2.6531
den012d,42,Organic,0.1,20,91,79.5055,119.3736,251.3297,1.5015,3.1612
den012d,42,Organic,0.1,50,91,74.5714,87.7033,247.3187,1.1761,3.3165
den012d,42,Organic,0.1,100,91,65.1648,69.3077,237.8242,1.0636,3.6496
den012d,42,Organic,0.2,10,91,102.5714,351.4725,274.7802,3.4266,2.6789
den012d,42,Organic,0.2,20,91,79.5055,216.6154,255.3516,2.7245,3.2117
den012d,42,Organic,0.2,50,91,74.5714,91.8242,251.3846,1.2314,3.3711
den012d,42,Organic,0.2,100,91,65.1648,73.6264,241.9451,1.1298,3.7128
den012d,42,Organic,0.3,10,91,102.5714,371.033,269.956,3.6173,2.6319
den012d,42,Organic,0.3,20,91,79.5055,258.2418,253.2967,3.2481,3.1859
den012d,42,Organic,0.3,50,91,74.5714,102.8901,249.3297,1.3798,3.3435
den012d,42,Organic,0.3,100,91,65.1648,76.2418,240.0549,1.17,3.6838
den012d,42,Stochastic,0.1,10,351,484.3903,720.6182,1934.7664,1.4877,3.9942
den012d,42,Stochastic,0.1,20,351,339.2906,522.7778,1868.5071,1.5408,5.5071
den012d,42,Stochastic,0.1,50,351,265.6154,367.0969,1762.7151,1.3821,6.6363
den012d,42,Stochastic,0.1,100,351,254.9886,316.7151,1750.7464,1.2421,6.866
den012d,42,Stochastic,0.2,10,351,484.3903,986.416,3732.2507,2.0364,7.705
den012d,42,Stochastic,0.2,20,351,339.2906,622.037,3668.151,1.8333,10.8112
den012d,42,Stochastic,0.2,50,351,265.6154,474.4274,3603.9459,1.7861,13.5683
den012d,42,Stochastic,0.2,100,351,254.9886,384.6467,3586.9915,1.5085,14.0673
den012d,42,Stochastic,0.3,10,351,484.3903,988.453,4810.5613,2.0406,9.9312
den012d,42,Stochastic,0.3,20,351,339.2906,792.2365,4777.8547,2.335,14.0819
den012d,42,Stochastic,0.3,50,351,265.6154,658.6154,4763.906,2.4796,17.9354
den012d,42,Stochastic,0.3,100,351,254.9886,567.4387,4757.584,2.2253,18.658
den500d,42,Radial,0.1,10,133,341.0752,576.6015,337.3534,1.6905,0.9891
den500d,42,Radial,0.1,20,133,148.3835,174.7594,144.5414,1.1778,0.9741
den500d,42,Radial,0.1,50,133,100.5263,110.2481,101.0075,1.0967,1.0048
den500d,42,Radial,0.1,100,133,89.6767,91.6842,90.2256,1.0224,1.0061
den500d,42,Radial,0.2,10,133,341.0752,592.9098,544.6316,1.7384,1.5968
den500d,42,Radial,0.2,20,133,148.3835,239.4511,386.985,1.6137,2.608
den500d,42,Radial,0.2,50,133,100.5263,135.797,348.6767,1.3509,3.4685
den500d,42,Radial,0.2,100,133,89.6767,101.0902,342.812,1.1273,3.8228
den500d,42,Radial,0.3,10,133,341.0752,651.0075,534.4586,1.9087,1.567
den500d,42,Radial,0.3,20,133,148.3835,299.3158,383.1729,2.0172,2.5823
den500d,42,Radial,0.3,50,133,100.5263,153.0902,345.1353,1.5229,3.4333
den500d,42,Radial,0.3,100,133,89.6767,106.3985,339.2105,1.1865,3.7826
den500d,42,Linear,0.1,10,9,20.3333,85.6667,18.6667,4.2131,0.918
den500d,42,Linear,0.1,20,9,11.5556,40.8889,11.4444,3.5385,0.9904
den500d,42,Linear,0.1,50,9,13.4444,40.7778,12.2222,3.0331,0.9091
den500d,42,Linear,0.1,100,9,8.2222,34.2222,8.2222,4.1622,1.0
den500d,42,Linear,0.2,10,9,20.3333,76.8889,18.6667,3.7814,0.918
den500d,42,Linear,0.2,20,9,11.5556,76.8889,11.4444,6.6538,0.9904
den500d,42,Linear,0.2,50,9,13.4444,76.8889,12.2222,5.719,0.9091
den500d,42,Linear,0.2,100,9,8.2222,44.1111,8.2222,5.3649,1.0
den500d,42,Linear,0.3,10,9,20.3333,66.2222,18.6667,3.2568,0.918
den500d,42,Linear,0.3,20,9,11.5556,66.2222,11.4444,5.7308,0.9904
den500d,42,Linear,0.3,50,9,13.4444,66.2222,12.2222,4.9256,0.9091
den500d,42,Linear,0.3,100,9,8.2222,39.6667,8.2222,4.8243,1.0
den500d,42,Sparse,0.1,10,59,251.4746,516.2034,251.4237,2.0527,0.9998
den500d,42,Sparse,0.1,20,59,93.2542,125.7119,93.9322,1.3481,1.0073
den500d,42,Sparse,0.1,50,59,63.9492,67.0508,64.8136,1.0485,1.0135
den500d,42,Sparse,0.1,100,59,48.1356,48.1186,49.0169,0.9996,1.0183
den500d,42,Sparse,0.2,10,59,251.4746,755.5932,446.2712,3.0047,1.7746
den500d,42,Sparse,0.2,20,59,93.2542,280.9661,298.8475,3.0129,3.2047
den500d,42,Sparse,0.2,50,59,63.9492,113.2881,278.9153,1.7715,4.3615
den500d,42,Sparse,0.2,100,59,48.1356,75.8814,263.4746,1.5764,5.4736
den500d,42,Sparse,0.3,10,59,251.4746,738.3051,445.339,2.9359,1.7709
den500d,42,Sparse,0.3,20,59,93.2542,270.0339,319.5085,2.8957,3.4262
den500d,42,Sparse,0.3,50,59,63.9492,117.3729,287.0339,1.8354,4.4885
den500d,42,Sparse,0.3,100,59,48.1356,77.9492,273.1186,1.6194,5.6739
den500d,42,Organic,0.1,10,64,89.3906,197.5781,90.3594,2.2103,1.0108
den500d,42,Organic,0.1,20,64,75.7188,112.2031,82.7969,1.4818,1.0935
den500d,42,Organic,0.1,50,64,53.3125,61.9531,55.9844,1.1621,1.0501
den500d,42,Organic,0.1,100,64,46.7812,49.9375,50.125,1.0675,1.0715
den500d,42,Organic,0.2,10,64,89.3906,293.7344,94.0625,3.286,1.0523
den500d,42,Organic,0.2,20,64,75.7188,177.6719,83.2344,2.3465,1.0993
den500d,42,Organic,0.2,50,64,53.3125,91.9219,66.9375,1.7242,1.2556
den500d,42,Organic,0.2,100,64,46.7812,58.875,62.7812,1.2585,1.342
den500d,42,Organic,0.3,10,64,89.3906,340.125,99.5312,3.8049,1.1134
den500d,42,Organic,0.3,20,64,75.7188,234.1875,89.4375,3.0929,1.1812
den500d,42,Organic,0.3,50,64,53.3125,132.5156,73.2344,2.4856,1.3737
den500d,42,Organic,0.3,100,64,46.7812,72.3438,69.0781,1.5464,1.4766
den500d,42,Stochastic,0.1,10,132,261.1364,348.3939,578.197,1.3341,2.2142
den500d,42,Stochastic,0.1,20,132,229.8712,312.9242,560.0606,1.3613,2.4364
den500d,42,Stochastic,0.1,50,132,139.4394,177.7197,462.2652,1.2745,3.3152
den500d,42,Stochastic,0.1,100,132,121.9848,152.2424,443.7121,1.248,3.6374
den500d,42,Stochastic,0.2,10,132,261.1364,492.3561,948.1061,1.8854,3.6307
den500d,42,Stochastic,0.2,20,132,229.8712,383.3333,922.5,1.6676,4.0131
den500d,42,Stochastic,0.2,50,132,139.4394,226.7727,848.7121,1.6263,6.0866
den500d,42,Stochastic,0.2,100,132,121.9848,180.0606,831.4242,1.4761,6.8158
den500d,42,Stochastic,0.3,10,132,261.1364,842.8182,1295.9167,3.2275,4.9626
den500d,42,Stochastic,0.3,20,132,229.8712,581.2955,1262.3712,2.5288,5.4916
den500d,42,Stochastic,0.3,50,132,139.4394,392.25,1220.4697,2.8131,8.7527
den500d,42,Stochastic,0.3,100,132,121.9848,293.8788,1205.8636,2.4091,9.8854
den501d,42,Radial,0.1,10,88,369.3182,337.1364,340.8295,0.9129,0.9229
den501d,42,Radial,0.1,20,88,98.5682,329.7955,109.1705,3.3459,1.1076
den501d,42,Radial,0.1,50,88,60.9091,64.3182,72.7841,1.056,1.195
den501d,42,Radial,0.1,100,88,47.7841,50.2841,58.6136,1.0523,1.2266
den501d,42,Radial,0.2,10,88,369.3182,360.7273,343.4545,0.9767,0.93
den501d,42,Radial,0.2,20,88,98.5682,343.3636,119.7727,3.4835,1.2151
den501d,42,Radial,0.2,50,88,60.9091,78.2273,82.2386,1.2843,1.3502
den501d,42,Radial,0.2,100,88,47.7841,54.6818,66.1023,1.1444,1.3834
den501d,42,Radial,0.3,10,88,369.3182,500.125,313.5795,1.3542,0.8491
den501d,42,Radial,0.3,20,88,98.5682,342.2386,117.875,3.4721,1.1959
den501d,42,Radial,0.3,50,88,60.9091,94.6932,87.6136,1.5547,1.4384
den501d,42,Radial,0.3,100,88,47.7841,54.0114,71.75,1.1303,1.5015
den501d,42,Linear,0.1,10,6,40.1667,172.1667,40.1667,4.2863,1.0
den501d,42,Linear,0.1,20,6,14.0,48.3333,14.0,3.4524,1.0
den501d,42,Linear,0.1,50,6,14.0,36.6667,14.0,2.619,1.0
den501d,42,Linear,0.1,100,6,14.0,21.8333,14.0,1.5595,1.0
den501d,42,Linear,0.2,10,6,40.1667,191.3333,40.1667,4.7635,1.0
den501d,42,Linear,0.2,20,6,14.0,156.0,14.0,11.1429,1.0
den501d,42,Linear,0.2,50,6,14.0,79.8333,14.0,5.7024,1.0
den501d,42,Linear,0.2,100,6,14.0,40.5,14.0,2.8929,1.0
den501d,42,Linear,0.3,10,6,40.1667,139.3333,32.6667,3.4689,0.8133
den501d,42,Linear,0.3,20,6,14.0,117.1667,21.6667,8.369,1.5476
den501d,42,Linear,0.3,50,6,14.0,73.1667,21.6667,5.2262,1.5476
den501d,42,Linear,0.3,100,6,14.0,42.0,21.6667,3.0,1.5476
den501d,42,Sparse,0.1,10,72,131.6389,300.1111,133.1667,2.2798,1.0116
den501d,42,Sparse,0.1,20,72,100.0417,119.9861,102.2083,1.1994,1.0217
den501d,42,Sparse,0.1,50,72,78.0417,86.5417,80.5417,1.1089,1.032
den501d,42,Sparse,0.1,100,72,68.0139,71.0278,71.0556,1.0443,1.0447
den501d,42,Sparse,0.2,10,72,131.6389,601.7222,131.0139,4.571,0.9953
den501d,42,Sparse,0.2,20,72,100.0417,182.9861,100.75,1.8291,1.0071
den501d,42,Sparse,0.2,50,72,78.0417,212.5,80.7222,2.7229,1.0343
den501d,42,Sparse,0.2,100,72,68.0139,81.6806,71.5833,1.2009,1.0525
den501d,42,Sparse,0.3,10,72,131.6389,856.8333,129.8611,6.509,0.9865
den501d,42,Sparse,0.3,20,72,100.0417,303.7778,99.6944,3.0365,0.9965
den501d,42,Sparse,0.3,50,72,78.0417,216.4722,80.6806,2.7738,1.0338
den501d,42,Sparse,0.3,100,72,68.0139,88.4444,71.6944,1.3004,1.0541
den501d,42,Organic,0.1,10,57,98.4386,122.4912,94.386,1.2443,0.9588
den501d,42,Organic,0.1,20,57,36.5263,45.4035,36.5263,1.243,1.0
den501d,42,Organic,0.1,50,57,34.4211,36.2807,34.4211,1.054,1.0
den501d,42,Organic,0.1,100,57,33.8772,33.8772,33.8772,1.0,1.0
den501d,42,Organic,0.2,10,57,98.4386,322.9825,180.6491,3.2811,1.8351
den501d,42,Organic,0.2,20,57,36.5263,64.4386,98.8596,1.7642,2.7065
den501d,42,Organic,0.2,50,57,34.4211,50.0877,96.7544,1.4551,2.8109
den501d,42,Organic,0.2,100,57,33.8772,37.7018,95.7368,1.1129,2.826
den501d,42,Organic,0.3,10,57,98.4386,714.5614,180.7719,7.259,1.8364
den501d,42,Organic,0.3,20,57,36.5263,172.5263,108.7895,4.7233,2.9784
den501d,42,Organic,0.3,50,57,34.4211,71.7193,106.8421,2.0836,3.104
den501d,42,Organic,0.3,100,57,33.8772,52.5439,105.8246,1.551,3.1238
den501d,42,Stochastic,0.1,10,66,478.1818,453.4848,528.6212,0.9484,1.1055
den501d,42,Stochastic,0.1,20,66,123.1061,159.4848,237.3788,1.2955,1.9282
den501d,42,Stochastic,0.1,50,66,63.4697,90.0758,179.697,1.4192,2.8312
den501d,42,Stochastic,0.1,100,66,53.6212,73.5,168.7273,1.3707,3.1467
den501d,42,Stochastic,0.2,10,66,478.1818,514.197,523.7727,1.0753,1.0953
den501d,42,Stochastic,0.2,20,66,123.1061,213.2727,296.0,1.7324,2.4044
den501d,42,Stochastic,0.2,50,66,63.4697,112.9697,252.4242,1.7799,3.9771
den501d,42,Stochastic,0.2,100,66,53.6212,87.5152,242.3788,1.6321,4.5202
den501d,42,Stochastic,0.3,10,66,478.1818,850.0455,587.2273,1.7777,1.228
den501d,42,Stochastic,0.3,20,66,123.1061,451.5303,428.2879,3.6678,3.479
den501d,42,Stochastic,0.3,50,66,63.4697,285.5152,406.1061,4.4984,6.3984
den501d,42,Stochastic,0.3,100,66,53.6212,167.803,402.5909,3.1294,7.5081
den602d,42,Radial,0.1,10,119,244.1261,425.1092,244.1261,1.7414,1.0
den602d,42,Radial,0.1,20,119,136.958,239.2857,136.958,1.7471,1.0
den602d,42,Radial,0.1,50,119,88.9496,111.5714,88.9496,1.2543,1.0
den602d,42,Radial,0.1,100,119,76.3613,79.4706,76.3613,1.0407,1.0
den602d,42,Radial,0.2,10,119,244.1261,605.5714,246.6555,2.4806,1.0104
den602d,42,Radial,0.2,20,119,136.958,305.7143,139.4874,2.2322,1.0185
den602d,42,Radial,0.2,50,119,88.9496,123.8739,93.0168,1.3926,1.0457
den602d,42,Radial,0.2,100,119,76.3613,82.9664,80.3361,1.0865,1.0521
den602d,42,Radial,0.3,10,119,244.1261,577.4454,239.0168,2.3654,0.9791
den602d,42,Radial,0.3,20,119,136.958,304.2689,132.4622,2.2216,0.9672
den602d,42,Radial,0.3,50,119,88.9496,122.7059,102.8824,1.3795,1.1566
den602d,42,Radial,0.3,100,119,76.3613,84.4118,91.6218,1.1054,1.1998
den602d,42,Linear,0.1,10,8,18.875,112.125,17.375,5.9404,0.9205
den602d,42,Linear,0.1,20,8,18.875,67.875,17.375,3.596,0.9205
den602d,42,Linear,0.1,50,8,10.375,32.625,10.375,3.1446,1.0
den602d,42,Linear,0.1,100,8,10.0,13.375,10.0,1.3375,1.0
den602d,42,Linear,0.2,10,8,18.875,94.75,17.25,5.0199,0.9139
den602d,42,Linear,0.2,20,8,18.875,94.75,17.25,5.0199,0.9139
den602d,42,Linear,0.2,50,8,10.375,56.5,10.375,5.4458,1.0
den602d,42,Linear,0.2,100,8,10.0,47.25,10.0,4.725,1.0
den602d,42,Linear,0.3,10,8,18.875,100.25,46.75,5.3113,2.4768
den602d,42,Linear,0.3,20,8,18.875,100.25,46.75,5.3113,2.4768
den602d,42,Linear,0.3,50,8,10.375,49.5,39.875,4.7711,3.8434
den602d,42,Linear,0.3,100,8,10.0,46.5,39.5,4.65,3.95
den602d,42,Sparse,0.1,10,83,298.3614,487.8916,300.2169,1.6352,1.0062
den602d,42,Sparse,0.1,20,83,163.494,263.494,165.1446,1.6116,1.0101
den602d,42,Sparse,0.1,50,83,82.3735,91.2169,85.4699,1.1074,1.0376
den602d,42,Sparse,0.1,100,83,69.8193,72.3373,73.2289,1.0361,1.0488
den602d,42,Sparse,0.2,10,83,298.3614,1018.8916,352.3976,3.415,1.1811
den602d,42,Sparse,0.2,20,83,163.494,436.9518,228.6024,2.6726,1.3982
den602d,42,Sparse,0.2,50,83,82.3735,124.6024,148.3373,1.5127,1.8008
den602d,42,Sparse,0.2,100,83,69.8193,85.3373,135.1205,1.2223,1.9353
den602d,42,Sparse,0.3,10,83,298.3614,1040.8193,338.6867,3.4885,1.1352
den602d,42,Sparse,0.3,20,83,163.494,520.4819,226.3735,3.1835,1.3846
den602d,42,Sparse,0.3,50,83,82.3735,192.8072,163.1928,2.3406,1.9811
den602d,42,Sparse,0.3,100,83,69.8193,88.6145,149.7831,1.2692,2.1453
den602d,42,Organic,0.1,10,81,154.1728,283.716,156.5062,1.8402,1.0151
den602d,42,Organic,0.1,20,81,120.4815,174.8765,123.8889,1.4515,1.0283
den602d,42,Organic,0.1,50,81,74.8519,81.2469,78.2593,1.0854,1.0455
den602d,42,Organic,0.1,100,81,61.2346,61.6296,64.6173,1.0065,1.0552
den602d,42,Organic,0.2,10,81,154.1728,539.4568,156.0494,3.499,1.0122
den602d,42,Organic,0.2,20,81,120.4815,432.5062,125.1728,3.5898,1.0389
den602d,42,Organic,0.2,50,81,74.8519,98.2716,80.358,1.3129,1.0736
den602d,42,Organic,0.2,100,81,61.2346,66.5062,66.8519,1.0861,1.0917
den602d,42,Organic,0.3,10,81,154.1728,584.0123,153.2716,3.788,0.9942
den602d,42,Organic,0.3,20,81,120.4815,487.4691,124.5062,4.046,1.0334
den602d,42,Organic,0.3,50,81,74.8519,124.8519,81.1975,1.668,1.0848
den602d,42,Organic,0.3,100,81,61.2346,75.2222,67.6914,1.2284,1.1054
den602d,42,Stochastic,0.1,10,80,235.85,404.6875,555.425,1.7159,2.355
den602d,42,Stochastic,0.1,20,80,209.4625,382.475,536.9,1.826,2.5632
den602d,42,Stochastic,0.1,50,80,109.9,159.6375,437.175,1.4526,3.9779
den602d,42,Stochastic,0.1,100,80,109.275,138.775,428.9375,1.27,3.9253
den602d,42,Stochastic,0.2,10,80,235.85,511.1375,799.0625,2.1672,3.388
den602d,42,Stochastic,0.2,20,80,209.4625,399.9,776.1875,1.9092,3.7056
den602d,42,Stochastic,0.2,50,80,109.9,192.8375,704.2625,1.7547,6.4082
den602d,42,Stochastic,0.2,100,80,109.275,178.95,701.125,1.6376,6.4162
den602d,42,Stochastic,0.3,10,80,235.85,1464.05,840.95,6.2075,3.5656
den602d,42,Stochastic,0.3,20,80,209.4625,898.475,832.025,4.2894,3.9722
den602d,42,Stochastic,0.3,50,80,109.9,348.2375,782.85,3.1687,7.1233
den602d,42,Stochastic,0.3,100,80,109.275,306.825,780.3875,2.8078,7.1415
hrt201n,42,Radial,0.1,10,101,123.2178,173.4455,123.2178,1.4076,1.0
hrt201n,42,Radial,0.1,20,101,96.3366,114.9901,96.3366,1.1936,1.0
hrt201n,42,Radial,0.1,50,101,65.6931,70.8812,65.6931,1.079,1.0
hrt201n,42,Radial,0.1,100,101,57.8416,59.802,57.8416,1.0339,1.0
hrt201n,42,Radial,0.2,10,101,123.2178,448.2772,123.2178,3.6381,1.0
hrt201n,42,Radial,0.2,20,101,96.3366,235.5446,96.1386,2.445,0.9979
hrt201n,42,Radial,0.2,50,101,65.6931,83.7525,65.5446,1.2749,0.9977
hrt201n,42,Radial,0.2,100,101,57.8416,66.7426,57.8416,1.1539,1.0
hrt201n,42,Radial,0.3,10,101,123.2178,573.5446,137.9901,4.6547,1.1199
hrt201n,42,Radial,0.3,20,101,96.3366,416.802,109.2475,4.3265,1.134
hrt201n,42,Radial,0.3,50,101,65.6931,101.4257,78.1683,1.5439,1.1899
hrt201n,42,Radial,0.3,100,101,57.8416,72.2574,70.2574,1.2492,1.2147
hrt201n,42,Linear,0.1,10,13,9.1538,36.8462,8.1538,4.0252,0.8908
hrt201n,42,Linear,0.1,20,13,6.9231,35.3846,6.9231,5.1111,1.0
hrt201n,42,Linear,0.1,50,13,6.9231,21.7692,6.9231,3.1444,1.0
hrt201n,42,Linear,0.1,100,13,6.9231,9.5385,6.9231,1.3778,1.0
hrt201n,42,Linear,0.2,10,13,9.1538,26.5385,9.6923,2.8992,1.0588
hrt201n,42,Linear,0.2,20,13,6.9231,26.5385,8.4615,3.8333,1.2222
hrt201n,42,Linear,0.2,50,13,6.9231,16.0,8.3077,2.3111,1.2
hrt201n,42,Linear,0.2,100,13,6.9231,13.6923,8.3077,1.9778,1.2
hrt201n,42,Linear,0.3,10,13,9.1538,39.6923,9.3846,4.3361,1.0252
hrt201n,42,Linear,0.3,20,13,6.9231,39.6923,8.1538,5.7333,1.1778
hrt201n,42,Linear,0.3,50,13,6.9231,39.6923,8.0,5.7333,1.1556
hrt201n,42,Linear,0.3,100,13,6.9231,32.2308,8.0,4.6556,1.1556
hrt201n,42,Sparse,0.1,10,118,159.4322,194.9576,164.5593,1.2228,1.0322
hrt201n,42,Sparse,0.1,20,118,139.4322,174.5593,152.5593,1.2519,1.0941
hrt201n,42,Sparse,0.1,50,118,106.4915,110.6525,119.6356,1.0391,1.1234
hrt201n,42,Sparse,0.1,100,118,88.5254,90.0254,101.678,1.0169,1.1486
hrt201n,42,Sparse,0.2,10,118,159.4322,201.7542,164.5593,1.2655,1.0322
hrt201n,42,Sparse,0.2,20,118,139.4322,178.7373,152.5593,1.2819,1.0941
hrt201n,42,Sparse,0.2,50,118,106.4915,111.5593,119.6356,1.0476,1.1234
hrt201n,42,Sparse,0.2,100,118,88.5254,90.9322,101.678,1.0272,1.1486
hrt201n,42,Sparse,0.3,10,118,159.4322,260.0424,193.9492,1.6311,1.2165
hrt201n,42,Sparse,0.3,20,118,139.4322,224.0678,180.5424,1.607,1.2948
hrt201n,42,Sparse,0.3,50,118,106.4915,123.6271,147.3475,1.1609,1.3837
hrt201n,42,Sparse,0.3,100,118,88.5254,95.9407,128.661,1.0838,1.4534
hrt201n,42,Organic,0.1,10,46,90.087,220.0435,96.5,2.4426,1.0712
hrt201n,42,Organic,0.1,20,46,66.9783,86.0652,70.6304,1.285,1.0545
hrt201n,42,Organic,0.1,50,46,41.3696,45.0435,49.2609,1.0888,1.1908
hrt201n,42,Organic,0.1,100,46,34.6957,35.8478,42.587,1.0332,1.2274
hrt201n,42,Organic,0.2,10,46,90.087,318.4565,95.6087,3.535,1.0613
hrt201n,42,Organic,0.2,20,46,66.9783,177.5217,70.1957,2.6504,1.048
hrt201n,42,Organic,0.2,50,46,41.3696,78.8696,49.4565,1.9065,1.1955
hrt201n,42,Organic,0.2,100,46,34.6957,54.1739,42.8478,1.5614,1.235
hrt201n,42,Organic,0.3,10,46,90.087,566.0217,94.1304,6.2831,1.0449
hrt201n,42,Organic,0.3,20,46,66.9783,237.1304,70.1304,3.5404,1.0471
hrt201n,42,Organic,0.3,50,46,41.3696,104.2609,49.7174,2.5202,1.2018
hrt201n,42,Organic,0.3,100,46,34.6957,73.913,43.1087,2.1303,1.2425
hrt201n,42,Stochastic,0.1,10,58,128.7759,180.3621,241.569,1.4006,1.8759
hrt201n,42,Stochastic,0.1,20,58,87.4138,118.3103,198.6207,1.3535,2.2722
hrt201n,42,Stochastic,0.1,50,58,65.3276,84.2414,175.8276,1.2895,2.6915
hrt201n,42,Stochastic,0.1,100,58,55.8103,68.5,163.9138,1.2274,2.937
hrt201n,42,Stochastic,0.2,10,58,128.7759,221.1207,353.5862,1.7171,2.7457
hrt201n,42,Stochastic,0.2,20,58,87.4138,162.1207,319.9483,1.8546,3.6602
hrt201n,42,Stochastic,0.2,50,58,65.3276,116.3793,293.3621,1.7815,4.4906
hrt201n,42,Stochastic,0.2,100,58,55.8103,86.6552,281.9828,1.5527,5.0525
hrt201n,42,Stochastic,0.3,10,58,128.7759,420.2931,485.8966,3.2638,3.7732
hrt201n,42,Stochastic,0.3,20,58,87.4138,275.2586,462.8103,3.1489,5.2945
hrt201n,42,Stochastic,0.3,50,58,65.3276,206.7759,446.5862,3.1652,6.8361
hrt201n,42,Stochastic,0.3,100,58,55.8103,151.8103,437.7759,2.7201,7.844
lak506d,42,Radial,0.1,10,90,119.2,155.3889,225.4778,1.3036,1.8916
lak506d,42,Radial,0.1,20,90,81.7,98.8111,186.6,1.2094,2.284
lak506d,42,Radial,0.1,50,90,62.0111,71.0667,163.8111,1.146,2.6416
lak506d,42,Radial,0.1,100,90,58.8889,63.1222,160.6889,1.0719,2.7287
lak506d,42,Radial,0.2,10,90,119.2,154.2111,214.5222,1.2937,1.7997
lak506d,42,Radial,0.2,20,90,81.7,113.0,178.1444,1.3831,2.1805
lak506d,42,Radial,0.2,50,90,62.0111,73.3333,156.0778,1.1826,2.5169
lak506d,42,Radial,0.2,100,90,58.8889,64.6889,153.6556,1.0985,2.6092
lak506d,42,Radial,0.3,10,90,119.2,267.1444,212.3111,2.2411,1.7811
lak506d,42,Radial,0.3,20,90,81.7,142.2667,177.7667,1.7413,2.1758
lak506d,42,Radial,0.3,50,90,62.0111,78.8556,156.6111,1.2716,2.5255
lak506d,42,Radial,0.3,100,90,58.8889,68.1333,154.0889,1.157,2.6166
lak506d,42,Linear,0.1,10,9,6.2222,12.8889,5.7778,2.0714,0.9286
lak506d,42,Linear,0.1,20,9,5.8889,12.4444,5.7778,2.1132,0.9811
lak506d,42,Linear,0.1,50,9,5.0,8.2222,5.0,1.6444,1.0
lak506d,42,Linear,0.1,100,9,5.0,6.8889,5.0,1.3778,1.0
lak506d,42,Linear,0.2,10,9,6.2222,14.2222,7.0,2.2857,1.125
lak506d,42,Linear,0.2,20,9,5.8889,19.5556,7.0,3.3208,1.1887
lak506d,42,Linear,0.2,50,9,5.0,13.6667,6.2222,2.7333,1.2444
lak506d,42,Linear,0.2,100,9,5.0,10.2222,6.2222,2.0444,1.2444
lak506d,42,Linear,0.3,10,9,6.2222,27.2222,7.2222,4.375,1.1607
lak506d,42,Linear,0.3,20,9,5.8889,27.2222,7.2222,4.6226,1.2264
lak506d,42,Linear,0.3,50,9,5.0,21.3333,6.6667,4.2667,1.3333
lak506d,42,Linear,0.3,100,9,5.0,13.6667,6.6667,2.7333,1.3333
lak506d,42,Sparse,0.1,10,38,58.9211,102.4474,58.9211,1.7387,1.0
lak506d,42,Sparse,0.1,20,38,46.1053,53.0526,46.1053,1.1507,1.0
lak506d,42,Sparse,0.1,50,38,32.6316,33.3421,32.6316,1.0218,1.0
lak506d,42,Sparse,0.1,100,38,29.9211,30.1316,29.9211,1.007,1.0
lak506d,42,Sparse,0.2,10,38,58.9211,117.2105,61.9211,1.9893,1.0509
lak506d,42,Sparse,0.2,20,38,46.1053,54.9474,49.1053,1.1918,1.0651
lak506d,42,Sparse,0.2,50,38,32.6316,38.1579,36.1579,1.1694,1.1081
lak506d,42,Sparse,0.2,100,38,29.9211,30.6579,33.4737,1.0246,1.1187
lak506d,42,Sparse,0.3,10,38,58.9211,210.9211,76.8421,3.5797,1.3042
lak506d,42,Sparse,0.3,20,38,46.1053,94.9211,64.2368,2.0588,1.3933
lak506d,42,Sparse,0.3,50,38,32.6316,45.8947,52.6316,1.4065,1.6129
lak506d,42,Sparse,0.3,100,38,29.9211,33.2632,49.9737,1.1117,1.6702
lak506d,42,Organic,0.1,10,29,43.2759,70.069,46.4828,1.6191,1.0741
lak506d,42,Organic,0.1,20,29,36.1724,54.7586,39.3793,1.5138,1.0887
lak506d,42,Organic,0.1,50,29,23.8966,25.3793,27.6897,1.062,1.1587
lak506d,42,Organic,0.1,100,29,23.7241,24.2414,27.5172,1.0218,1.1599
lak506d,42,Organic,0.2,10,29,43.2759,129.3793,45.7586,2.9896,1.0574
lak506d,42,Organic,0.2,20,29,36.1724,91.931,39.6897,2.5415,1.0972
lak506d,42,Organic,0.2,50,29,23.8966,38.7241,28.2414,1.6205,1.1818
lak506d,42,Organic,0.2,100,29,23.7241,24.2414,28.069,1.0218,1.1831
lak506d,42,Organic,0.3,10,29,43.2759,203.8966,62.9655,4.7116,1.455
lak506d,42,Organic,0.3,20,29,36.1724,106.6207,57.931,2.9476,1.6015
lak506d,42,Organic,0.3,50,29,23.8966,51.1724,45.4483,2.1414,1.9019
lak506d,42,Organic,0.3,100,29,23.7241,35.4483,45.2759,1.4942,1.9084
lak506d,42,Stochastic,0.1,10,58,99.3966,116.931,142.2931,1.1764,1.4316
lak506d,42,Stochastic,0.1,20,58,68.069,86.069,113.6034,1.2644,1.6689
lak506d,42,Stochastic,0.1,50,58,51.0172,65.0862,99.5517,1.2758,1.9513
lak506d,42,Stochastic,0.1,100,58,48.5345,54.8103,97.4483,1.1293,2.0078
lak506d,42,Stochastic,0.2,10,58,99.3966,137.9138,194.1207,1.3875,1.953
lak506d,42,Stochastic,0.2,20,58,68.069,101.0172,168.8276,1.484,2.4802
lak506d,42,Stochastic,0.2,50,58,51.0172,79.569,157.5862,1.5596,3.0889
lak506d,42,Stochastic,0.2,100,58,48.5345,65.9138,154.2414,1.3581,3.178
lak506d,42,Stochastic,0.3,10,58,99.3966,517.5172,274.0345,5.2066,2.757
lak506d,42,Stochastic,0.3,20,58,68.069,242.7586,257.6379,3.5664,3.785
lak506d,42,Stochastic,0.3,50,58,51.0172,137.8103,253.3966,2.7013,4.9669
lak506d,42,Stochastic,0.3,100,58,48.5345,101.6034,250.4138,2.0934,5.1595
arena,123,Radial,0.1,10,66,30.9394,36.5455,47.697,1.1812,1.5416
arena,123,Radial,0.1,20,66,31.2576,35.0303,48.303,1.1207,1.5453
arena,123,Radial,0.1,50,66,29.0455,31.6212,47.0455,1.0887,1.6197
arena,123,Radial,0.1,100,66,28.8636,29.6667,46.5909,1.0278,1.6142
arena,123,Radial,0.2,10,66,30.9394,42.4697,127.9848,1.3727,4.1366
arena,123,Radial,0.2,20,66,31.2576,39.8485,128.3485,1.2748,4.1062
arena,123,Radial,0.2,50,66,29.0455,35.6818,127.2727,1.2285,4.3818
arena,123,Radial,0.2,100,66,28.8636,34.697,126.9545,1.2021,4.3984
arena,123,Radial,0.3,10,66,30.9394,51.2879,144.3636,1.6577,4.666
arena,123,Radial,0.3,20,66,31.2576,43.803,144.9394,1.4014,4.6369
arena,123,Radial,0.3,50,66,29.0455,37.8788,143.5152,1.3041,4.9411
arena,123,Radial,0.3,100,66,28.8636,37.7576,143.2424,1.3081,4.9627
arena,123,Linear,0.1,10,15,18.7333,21.4,52.4,1.1423,2.7972
arena,123,Linear,0.1,20,15,17.1333,18.4667,51.3333,1.0778,2.9961
arena,123,Linear,0.1,50,15,17.1333,18.4667,51.3333,1.0778,2.9961
arena,123,Linear,0.1,100,15,17.1333,18.4667,51.3333,1.0778,2.9961
arena,123,Linear,0.2,10,15,18.7333,38.7333,90.2667,2.0676,4.8185
arena,123,Linear,0.2,20,15,17.1333,23.2667,89.2,1.358,5.2062
arena,123,Linear,0.2,50,15,17.1333,23.0,89.2,1.3424,5.2062
arena,123,Linear,0.2,100,15,17.1333,23.0667,89.2,1.3463,5.2062
arena,123,Linear,0.3,10,15,18.7333,62.1333,73.2,3.3167,3.9075
arena,123,Linear,0.3,20,15,17.1333,36.4,72.1333,2.1245,4.2101
arena,123,Linear,0.3,50,15,17.1333,25.4667,72.1333,1.4864,4.2101
arena,123,Linear,0.3,100,15,17.1333,25.1333,72.1333,1.4669,4.2101
arena,123,Sparse,0.1,10,55,34.5091,40.5636,62.6364,1.1754,1.8151
arena,123,Sparse,0.1,20,55,33.9091,35.9818,61.9273,1.0611,1.8263
arena,123,Sparse,0.1,50,55,32.6727,33.4909,61.1273,1.025,1.8709
arena,123,Sparse,0.1,100,55,32.2364,32.7273,60.8182,1.0152,1.8866
arena,123,Sparse,0.2,10,55,34.5091,52.8182,95.5636,1.5306,2.7692
arena,123,Sparse,0.2,20,55,33.9091,39.6727,95.7273,1.17,2.8231
arena,123,Sparse,0.2,50,55,32.6727,36.4182,95.2909,1.1146,2.9165
arena,123,Sparse,0.2,100,55,32.2364,35.0,95.1818,1.0857,2.9526
arena,123,Sparse,0.3,10,55,34.5091,65.0727,106.1091,1.8857,3.0748
arena,123,Sparse,0.3,20,55,33.9091,47.3091,106.3455,1.3952,3.1362
arena,123,Sparse,0.3,50,55,32.6727,40.2182,105.8182,1.2309,3.2387
arena,123,Sparse,0.3,100,55,32.2364,37.7455,105.6727,1.1709,3.2781
arena,123,Organic,0.1,10,42,29.6667,46.9524,69.381,1.5827,2.3387
arena,123,Organic,0.1,20,42,28.7619,31.2381,68.6667,1.0861,2.3874
arena,123,Organic,0.1,50,42,28.6905,30.3333,68.3095,1.0573,2.3809
arena,123,Organic,0.1,100,42,28.6905,30.2143,67.1905,1.0531,2.3419
arena,123,Organic,0.2,10,42,29.6667,47.3333,132.3095,1.5955,4.4599
arena,123,Organic,0.2,20,42,28.7619,37.7857,132.0,1.3137,4.5894
arena,123,Organic,0.2,50,42,28.6905,33.881,132.0714,1.1809,4.6033
arena,123,Organic,0.2,100,42,28.6905,32.1429,131.1905,1.1203,4.5726
arena,123,Organic,0.3,10,42,29.6667,58.2619,174.9762,1.9639,5.8981
arena,123,Organic,0.3,20,42,28.7619,44.7143,174.7619,1.5546,6.0762
arena,123,Organic,0.3,50,42,28.6905,38.7381,174.6429,1.3502,6.0871
arena,123,Organic,0.3,100,42,28.6905,35.9048,174.6429,1.2515,6.0871
arena,123,Stochastic,0.1,10,55,32.5091,41.9636,47.5273,1.2908,1.462
arena,123,Stochastic,0.1,20,55,32.3273,36.6545,48.0727,1.1339,1.4871
arena,123,Stochastic,0.1,50,55,31.5091,32.8364,46.6727,1.0421,1.4812
arena,123,Stochastic,0.1,100,55,31.1455,32.2545,45.5636,1.0356,1.4629
arena,123,Stochastic,0.2,10,55,32.5091,44.1455,74.6727,1.3579,2.297
arena,123,Stochastic,0.2,20,55,32.3273,39.3091,75.1455,1.216,2.3245
arena,123,Stochastic,0.2,50,55,31.5091,35.2,73.1818,1.1171,2.3226
arena,123,Stochastic,0.2,100,55,31.1455,34.0545,71.5091,1.0934,2.296
arena,123,Stochastic,0.3,10,55,32.5091,57.0364,133.3273,1.7545,4.1012
arena,123,Stochastic,0.3,20,55,32.3273,51.3091,133.0364,1.5872,4.1153
arena,123,Stochastic,0.3,50,55,31.5091,42.7818,132.9818,1.3578,4.2204
arena,123,Stochastic,0.3,100,55,31.1455,42.2909,132.5818,1.3579,4.2569
arena2,123,Radial,0.1,10,172,283.2849,405.3314,498.9651,1.4308,1.7614
arena2,123,Radial,0.1,20,172,213.6047,273.2035,411.8779,1.279,1.9282
arena2,123,Radial,0.1,50,172,109.1337,124.4651,326.0,1.1405,2.9872
arena2,123,Radial,0.1,100,172,97.2849,107.564,318.5,1.1057,3.2739
arena2,123,Radial,0.2,10,172,283.2849,375.0988,667.6395,1.3241,2.3568
arena2,123,Radial,0.2,20,172,213.6047,260.1047,644.9709,1.2177,3.0195
arena2,123,Radial,0.2,50,172,109.1337,120.5465,555.2093,1.1046,5.0874
arena2,123,Radial,0.2,100,172,97.2849,104.7151,551.2965,1.0764,5.6668
arena2,123,Radial,0.3,10,172,283.2849,412.7442,1182.0116,1.457,4.1725
arena2,123,Radial,0.3,20,172,213.6047,248.0233,1127.5872,1.1611,5.2789
arena2,123,Radial,0.3,50,172,109.1337,147.2209,1068.4302,1.349,9.7901
arena2,123,Radial,0.3,100,172,97.2849,123.7791,1055.4651,1.2723,10.8492
arena2,123,Linear,0.1,10,11,18.2727,64.4545,21.3636,3.5274,1.1692
arena2,123,Linear,0.1,20,11,15.5455,53.3636,19.0,3.4327,1.2222
arena2,123,Linear,0.1,50,11,10.9091,40.7273,14.3636,3.7333,1.3167
arena2,123,Linear,0.1,100,11,10.9091,23.5455,14.3636,2.1583,1.3167
arena2,123,Linear,0.2,10,11,18.2727,66.1818,21.0909,3.6219,1.1542
arena2,123,Linear,0.2,20,11,15.5455,66.1818,18.7273,4.2573,1.2047
arena2,123,Linear,0.2,50,11,10.9091,59.8182,14.0909,5.4833,1.2917
arena2,123,Linear,0.2,100,11,10.9091,34.1818,14.0909,3.1333,1.2917
arena2,123,Linear,0.3,10,11,18.2727,59.0,25.4545,3.2289,1.393
arena2,123,Linear,0.3,20,11,15.5455,59.0,24.7273,3.7953,1.5906
arena2,123,Linear,0.3,50,11,10.9091,55.6364,20.4545,5.1,1.875
arena2,123,Linear,0.3,100,11,10.9091,46.1818,20.4545,4.2333,1.875
arena2,123,Sparse,0.1,10,33,59.2424,112.4848,177.9697,1.8987,3.0041
arena2,123,Sparse,0.1,20,33,55.9697,77.4545,174.6061,1.3839,3.1197
arena2,123,Sparse,0.1,50,33,38.6061,64.0303,162.5758,1.6586,4.2111
arena2,123,Sparse,0.1,100,33,37.3333,45.7879,161.4545,1.2265,4.3247
arena2,123,Sparse,0.2,10,33,59.2424,260.8182,185.7879,4.4026,3.1361
arena2,123,Sparse,0.2,20,33,55.9697,138.4242,183.1818,2.4732,3.2729
arena2,123,Sparse,0.2,50,33,38.6061,82.5758,170.9394,2.1389,4.4278
arena2,123,Sparse,0.2,100,33,37.3333,47.7576,170.0303,1.2792,4.5544
arena2,123,Sparse,0.3,10,33,59.2424,267.8788,248.2424,4.5217,4.1903
arena2,123,Sparse,0.3,20,33,55.9697,188.2121,237.5152,3.3628,4.2436
arena2,123,Sparse,0.3,50,33,38.6061,101.3636,224.8485,2.6256,5.8242
arena2,123,Sparse,0.3,100,33,37.3333,57.8788,223.9394,1.5503,5.9984
arena2,123,Organic,0.1,10,35,57.1143,167.3429,58.0,2.93,1.0155
arena2,123,Organic,0.1,20,35,55.1714,102.2286,54.6286,1.8529,0.9902
arena2,123,Organic,0.1,50,35,37.5143,41.1714,41.7714,1.0975,1.1135
arena2,123,Organic,0.1,100,35,37.0571,39.8857,41.3143,1.0763,1.1149
arena2,123,Organic,0.2,10,35,57.1143,318.2571,93.0857,5.5723,1.6298
arena2,123,Organic,0.2,20,35,55.1714,171.9143,90.5429,3.116,1.6411
arena2,123,Organic,0.2,50,35,37.5143,74.1714,76.8286,1.9772,2.048
arena2,123,Organic,0.2,100,35,37.0571,54.9714,76.3429,1.4834,2.0601
arena2,123,Organic,0.3,10,35,57.1143,623.1429,132.9714,10.9105,2.3282
arena2,123,Organic,0.3,20,35,55.1714,376.5143,131.2286,6.8244,2.3786
arena2,123,Organic,0.3,50,35,37.5143,113.4286,118.3714,3.0236,3.1554
arena2,123,Organic,0.3,100,35,37.0571,73.2286,118.1143,1.9761,3.1874
arena2,123,Stochastic,0.1,10,159,323.1447,400.8931,597.6541,1.2406,1.8495
arena2,123,Stochastic,0.1,20,159,177.9937,223.1006,490.6667,1.2534,2.7567
arena2,123,Stochastic,0.1,50,159,118.8302,147.3711,432.1698,1.2402,3.6369
arena2,123,Stochastic,0.1,100,159,104.1132,120.2075,417.7044,1.1546,4.012
arena2,123,Stochastic,0.2,10,159,323.1447,469.8553,919.956,1.454,2.8469
arena2,123,Stochastic,0.2,20,159,177.9937,270.0252,799.5786,1.517,4.4922
arena2,123,Stochastic,0.2,50,159,118.8302,171.3208,749.8679,1.4417,6.3104
arena2,123,Stochastic,0.2,100,159,104.1132,140.1698,735.9245,1.3463,7.0685
arena2,123,Stochastic,0.3,10,159,323.1447,564.6101,1397.0881,1.7472,4.3234
arena2,123,Stochastic,0.3,20,159,177.9937,425.5346,1301.566,2.3907,7.3124
arena2,123,Stochastic,0.3,50,159,118.8302,237.8679,1268.761,2.0017,10.6771
arena2,123,Stochastic,0.3,100,159,104.1132,200.8239,1257.6226,1.9289,12.0794
brc000d,123,Radial,0.1,10,339,385.3599,459.9086,710.4071,1.1935,1.8435
brc000d,123,Radial,0.1,20,339,237.5015,281.6932,575.0531,1.1861,2.4213
brc000d,123,Radial,0.1,50,339,14711.059,13306.7876,13306.7876,0.9045,0.9045
brc000d,123,Radial,0.1,100,339,175.5487,178.2389,505.6932,1.0153,2.8806
brc000d,123,Radial,0.2,10,339,385.3599,439.4513,1757.4779,1.1404,4.5606
brc000d,123,Radial,0.2,20,339,237.5015,328.0678,1640.3805,1.3813,6.9068
brc000d,123,Radial,0.2,50,339,14711.059,11681.649,11681.649,0.7941,0.7941
brc000d,123,Radial,0.2,100,339,175.5487,193.649,1559.823,1.1031,8.8854
brc000d,123,Radial,0.3,10,339,385.3599,1096.8997,3057.1917,2.8464,7.9333
brc000d,123,Radial,0.3,20,339,237.5015,407.2655,2956.9322,1.7148,12.4502
brc000d,123,Radial,0.3,50,339,14711.059,10214.3422,10214.3422,0.6943,0.6943
brc000d,123,Radial,0.3,100,339,175.5487,230.6962,2892.5516,1.3141,16.4772
brc000d,123,Linear,0.1,10,12,13.6667,84.1667,25.0,6.1585,1.8293
brc000d,123,Linear,0.1,20,12,13.3333,39.9167,25.0,2.9937,1.875
brc000d,123,Linear,0.1,50,12,115.8333,167.1667,167.1667,1.4432,1.4432
brc000d,123,Linear,0.1,100,12,8.4167,10.3333,20.3333,1.2277,2.4158
brc000d,123,Linear,0.2,10,12,13.6667,101.3333,21.75,7.4146,1.5915
brc000d,123,Linear,0.2,20,12,13.3333,47.5833,21.75,3.5688,1.6313
brc000d,123,Linear,0.2,50,12,115.8333,102.4167,102.4167,0.8842,0.8842
brc000d,123,Linear,0.2,100,12,8.4167,24.25,17.1667,2.8812,2.0396
brc000d,123,Linear,0.3,10,12,13.6667,87.9167,18.5833,6.4329,1.3598
brc000d,123,Linear,0.3,20,12,13.3333,36.25,18.5833,2.7188,1.3938
brc000d,123,Linear,0.3,50,12,115.8333,89.0833,89.0833,0.7691,0.7691
brc000d,123,Linear,0.3,100,12,8.4167,28.4167,14.0833,3.3762,1.6733
brc000d,123,Sparse,0.1,10,52,137.0192,154.0192,296.8654,1.1241,2.1666
brc000d,123,Sparse,0.1,20,52,109.4808,129.5577,274.2308,1.1834,2.5048
brc000d,123,Sparse,0.1,50,52,6622.5577,5233.8654,5233.8654,0.7903,0.7903
brc000d,123,Sparse,0.1,100,52,91.7885,95.4231,247.7692,1.0396,2.6994
brc000d,123,Sparse,0.2,10,52,137.0192,382.1923,456.7115,2.7893,3.3332
brc000d,123,Sparse,0.2,20,52,109.4808,256.6154,433.1154,2.3439,3.9561
brc000d,123,Sparse,0.2,50,52,6622.5577,4042.5,4042.5,0.6104,0.6104
brc000d,123,Sparse,0.2,100,52,91.7885,109.2885,413.7692,1.1907,4.5079
brc000d,123,Sparse,0.3,10,52,137.0192,793.5577,739.7692,5.7916,5.399
brc000d,123,Sparse,0.3,20,52,109.4808,464.6154,730.0385,4.2438,6.6682
brc000d,123,Sparse,0.3,50,52,6622.5577,2615.3654,2615.3654,0.3949,0.3949
brc000d,123,Sparse,0.3,100,52,91.7885,143.25,722.9423,1.5607,7.8762
brc000d,123,Organic,0.1,10,77,277.1948,283.1948,908.7662,1.0216,3.2784
brc000d,123,Organic,0.1,20,77,172.4286,161.6234,833.7922,0.9373,4.8356
brc000d,123,Organic,0.1,50,77,9359.9091,7936.5065,7936.5065,0.8479,0.8479
brc000d,123,Organic,0.1,100,77,128.0909,135.0779,801.2727,1.0545,6.2555
brc000d,123,Organic,0.2,10,77,277.1948,521.2078,1578.2857,1.8803,5.6938
brc000d,123,Organic,0.2,20,77,172.4286,214.6753,1517.6104,1.245,8.8014
brc000d,123,Organic,0.2,50,77,9359.9091,5334.2987,5334.2987,0.5699,0.5699
brc000d,123,Organic,0.2,100,77,128.0909,146.1818,1499.7013,1.1412,11.7081
brc000d,123,Organic,0.3,10,77,277.1948,865.987,1384.8182,3.1241,4.9958
brc000d,123,Organic,0.3,20,77,172.4286,491.6364,1328.974,2.8512,7.7074
brc000d,123,Organic,0.3,50,77,9359.9091,3643.013,3643.013,0.3892,0.3892
brc000d,123,Organic,0.3,100,77,128.0909,163.0649,1313.7922,1.273,10.2567
brc000d,123,Stochastic,0.1,10,349,399.8453,578.4069,1302.0888,1.4466,3.2565
brc000d,123,Stochastic,0.1,20,349,320.4097,425.7479,1202.3926,1.3288,3.7527
brc000d,123,Stochastic,0.1,50,349,16419.3897,14750.6676,14750.7994,0.8984,0.8984
brc000d,123,Stochastic,0.1,100,349,219.212,249.4642,1127.3352,1.138,5.1427
brc000d,123,Stochastic,0.2,10,349,399.8453,683.9284,2292.0917,1.7105,5.7324
brc000d,123,Stochastic,0.2,20,349,320.4097,536.3438,2225.8854,1.6739,6.947
brc000d,123,Stochastic,0.2,50,349,16419.3897,12997.9771,12998.2693,0.7916,0.7916
brc000d,123,Stochastic,0.2,100,349,219.212,329.1203,2156.1261,1.5014,9.8358
brc000d,123,Stochastic,0.3,10,349,399.8453,1426.2407,4415.6476,3.567,11.0434
brc000d,123,Stochastic,0.3,20,349,320.4097,1234.5731,4361.5759,3.8531,13.6125
brc000d,123,Stochastic,0.3,50,349,16419.3897,10893.5673,10894.2092,0.6635,0.6635
brc000d,123,Stochastic,0.3,100,349,219.212,449.4613,4318.6791,2.0503,19.7009
