mapa,semente,padrao,nivel,n_pivos,pivos_iguais,celulas_comparadas,celulas_diferentes,frac_diferentes,viraram_inalcancaveis,dist_max_aumento
arena,42,Radial,0.1,10,1,20540,8656,0.421422,4024,40
arena,42,Radial,0.1,20,1,41080,16018,0.389922,6213,44
arena,42,Radial,0.1,50,1,102700,42815,0.416894,20119,40
arena,42,Radial,0.1,100,1,205400,83187,0.405,31066,40
arena,42,Radial,0.2,10,1,20540,14127,0.68778,6112,48
arena,42,Radial,0.2,20,1,41080,28605,0.696324,12222,52
arena,42,Radial,0.2,50,1,102700,72445,0.705404,35362,48
arena,42,Radial,0.2,100,1,205400,142097,0.691806,65913,48
arena,42,Radial,0.3,10,1,20540,17023,0.828773,12249,64
arena,42,Radial,0.3,20,1,41080,35786,0.87113,28241,68
arena,42,Radial,0.3,50,1,102700,88008,0.856943,70555,58
arena,42,Radial,0.3,100,1,205400,174771,0.850881,134826,64
arena,42,Linear,0.1,10,1,20540,17090,0.832035,14096,44
arena,42,Linear,0.1,20,1,41080,33988,0.827361,27246,62
arena,42,Linear,0.1,50,1,102700,85585,0.83335,68378,62
arena,42,Linear,0.1,100,1,205400,171569,0.835292,135989,64
arena,42,Linear,0.2,10,1,20540,18948,0.922493,17859,44
arena,42,Linear,0.2,20,1,41080,38307,0.932498,36518,42
arena,42,Linear,0.2,50,1,102700,96349,0.93816,92163,44
arena,42,Linear,0.2,100,1,205400,191886,0.934206,184509,44
arena,42,Linear,0.3,10,1,20540,19834,0.965628,19120,30
arena,42,Linear,0.3,20,1,41080,39516,0.961928,38046,38
arena,42,Linear,0.3,50,1,102700,99035,0.964314,96441,38
arena,42,Linear,0.3,100,1,205400,198003,0.963987,192982,38
arena,42,Sparse,0.1,10,1,20540,7786,0.379065,2170,30
arena,42,Sparse,0.1,20,1,41080,13974,0.340166,4340,30
arena,42,Sparse,0.1,50,1,102700,37452,0.364674,10846,32
arena,42,Sparse,0.1,100,1,205400,81781,0.398155,23518,34
arena,42,Sparse,0.2,10,1,20540,14591,0.71037,4809,82
arena,42,Sparse,0.2,20,1,41080,29596,0.720448,12761,78
arena,42,Sparse,0.2,50,1,102700,74496,0.725375,27180,88
arena,42,Sparse,0.2,100,1,205400,152756,0.7437,59053,88
arena,42,Sparse,0.3,10,1,20540,18353,0.893525,12878,114
arena,42,Sparse,0.3,20,1,41080,36184,0.880818,24937,106
arena,42,Sparse,0.3,50,1,102700,91124,0.887283,66946,110
arena,42,Sparse,0.3,100,1,205400,183122,0.891538,127544,114
arena,42,Organic,0.1,10,1,20540,8172,0.397858,2229,26
arena,42,Organic,0.1,20,1,41080,13233,0.322128,6288,30
arena,42,Organic,0.1,50,1,102700,37653,0.366631,16636,28
arena,42,Organic,0.1,100,1,205400,68454,0.333272,31445,30
arena,42,Organic,0.2,10,1,20540,14076,0.685297,7889,26
arena,42,Organic,0.2,20,1,41080,25681,0.625146,12617,30
arena,42,Organic,0.2,50,1,102700,63765,0.620886,34682,30
arena,42,Organic,0.2,100,1,205400,119569,0.582128,63050,30
arena,42,Organic,0.3,10,1,20540,16959,0.825657,11114,60
arena,42,Organic,0.3,20,1,41080,34014,0.827994,18190,64
arena,42,Organic,0.3,50,1,102700,84720,0.824927,47465,68
arena,42,Organic,0.3,100,1,205400,164060,0.798734,92255,70
arena,42,Stochastic,0.1,10,1,20540,6076,0.295813,2059,10
arena,42,Stochastic,0.1,20,1,41080,12055,0.293452,4118,10
arena,42,Stochastic,0.1,50,1,102700,28462,0.277137,10292,10
arena,42,Stochastic,0.1,100,1,205400,58386,0.284255,20588,10
arena,42,Stochastic,0.2,10,1,20540,11823,0.575609,4185,28
arena,42,Stochastic,0.2,20,1,41080,24675,0.600657,8375,28
arena,42,Stochastic,0.2,50,1,102700,64755,0.630526,20933,36
arena,42,Stochastic,0.2,100,1,205400,127891,0.622644,41876,36
arena,42,Stochastic,0.3,10,1,20540,18088,0.880623,7879,40
arena,42,Stochastic,0.3,20,1,41080,37362,0.909494,15764,40
arena,42,Stochastic,0.3,50,1,102700,94219,0.91742,37995,40
arena,42,Stochastic,0.3,100,1,205400,186583,0.908389,74597,44
arena2,42,Radial,0.1,10,1,243110,141648,0.58265,136714,62
arena2,42,Radial,0.1,20,1,486220,284012,0.584122,275713,62
arena2,42,Radial,0.1,50,1,1215550,666412,0.548239,646217,62
arena2,42,Radial,0.1,100,1,2431100,1359782,0.559328,1301075,62
arena2,42,Radial,0.2,10,1,243110,187716,0.772144,151145,266
arena2,42,Radial,0.2,20,1,486220,392202,0.806635,331595,312
arena2,42,Radial,0.2,50,1,1215550,911714,0.750042,733240,348
arena2,42,Radial,0.2,100,1,2431100,1887953,0.776584,1493189,350
arena2,42,Radial,0.3,10,1,243110,222948,0.917066,193909,354
arena2,42,Radial,0.3,20,1,486220,438972,0.902826,388148,308
arena2,42,Radial,0.3,50,1,1215550,1107205,0.910868,943545,360
arena2,42,Radial,0.3,100,1,2431100,2208153,0.908294,1886262,358
arena2,42,Linear,0.1,10,1,243110,237071,0.975159,235976,64
arena2,42,Linear,0.1,20,1,486220,474397,0.975684,473364,64
arena2,42,Linear,0.1,50,1,1215550,1187726,0.97711,1182510,86
arena2,42,Linear,0.1,100,1,2431100,2369188,0.974533,2353013,108
arena2,42,Linear,0.2,10,1,243110,241275,0.992452,241157,20
arena2,42,Linear,0.2,20,1,486220,482349,0.992039,481675,30
arena2,42,Linear,0.2,50,1,1215550,1204961,0.991289,1203289,38
arena2,42,Linear,0.2,100,1,2431100,2408979,0.990901,2404805,54
arena2,42,Linear,0.3,10,1,243110,241777,0.994517,241652,26
arena2,42,Linear,0.3,20,1,486220,484273,0.995996,484138,26
arena2,42,Linear,0.3,50,1,1215550,1210874,0.996153,1210618,26
arena2,42,Linear,0.3,100,1,2431100,2420973,0.995834,2420415,26
arena2,42,Sparse,0.1,10,1,243110,155605,0.64006,102452,202
arena2,42,Sparse,0.1,20,1,486220,279919,0.575704,164651,216
arena2,42,Sparse,0.1,50,1,1215550,734187,0.603996,411510,286
arena2,42,Sparse,0.1,100,1,2431100,1423352,0.585477,763705,294
arena2,42,Sparse,0.2,10,1,243110,224801,0.924688,204542,258
arena2,42,Sparse,0.2,20,1,486220,439380,0.903665,380363,280
arena2,42,Sparse,0.2,50,1,1215550,1101758,0.906386,958220,332
arena2,42,Sparse,0.2,100,1,2431100,2164714,0.890426,1813379,334
arena2,42,Sparse,0.3,10,1,243110,237015,0.974929,226532,126
arena2,42,Sparse,0.3,20,1,486220,460859,0.94784,443076,148
arena2,42,Sparse,0.3,50,1,1215550,1161769,0.955756,1124678,178
arena2,42,Sparse,0.3,100,1,2431100,2299327,0.945797,2191781,190
arena2,42,Organic,0.1,10,1,243110,156102,0.642104,131049,122
arena2,42,Organic,0.1,20,1,486220,329967,0.678637,286323,114
arena2,42,Organic,0.1,50,1,1215550,833400,0.685616,747970,124
arena2,42,Organic,0.1,100,1,2431100,1709892,0.703341,1538652,144
arena2,42,Organic,0.2,10,1,243110,217096,0.892995,212430,58
arena2,42,Organic,0.2,20,1,486220,447119,0.919582,435607,56
arena2,42,Organic,0.2,50,1,1215550,1118111,0.91984,1083410,68
arena2,42,Organic,0.2,100,1,2431100,2241153,0.921868,2182142,68
arena2,42,Organic,0.3,10,1,243110,225056,0.925737,222141,58
arena2,42,Organic,0.3,20,1,486220,461972,0.95013,458512,46
arena2,42,Organic,0.3,50,1,1215550,1156074,0.951071,1148397,46
arena2,42,Organic,0.3,100,1,2431100,2319615,0.954142,2296570,60
arena2,42,Stochastic,0.1,10,1,243110,162523,0.668516,28208,26
arena2,42,Stochastic,0.1,20,1,486220,367238,0.755292,99389,26
arena2,42,Stochastic,0.1,50,1,1215550,934359,0.768672,204769,28
arena2,42,Stochastic,0.1,100,1,2431100,1843404,0.758259,388421,32
arena2,42,Stochastic,0.2,10,1,243110,219934,0.904669,77832,58
arena2,42,Stochastic,0.2,20,1,486220,452141,0.92991,192937,56
arena2,42,Stochastic,0.2,50,1,1215550,1143503,0.940729,445140,62
arena2,42,Stochastic,0.2,100,1,2431100,2274480,0.935576,817955,62
arena2,42,Stochastic,0.3,10,1,243110,240543,0.989441,175069,124
arena2,42,Stochastic,0.3,20,1,486220,481197,0.989669,334917,128
arena2,42,Stochastic,0.3,50,1,1215550,1204263,0.990714,794788,158
arena2,42,Stochastic,0.3,100,1,2431100,2406982,0.990079,1530067,168
brc000d,42,Radial,0.1,10,1,273860,167978,0.613372,102952,88
brc000d,42,Radial,0.1,20,1,547720,304897,0.556666,157075,122
brc000d,42,Radial,0.1,50,1,1369300,654475,0.477963,295031,108
brc000d,42,Radial,0.1,100,1,2738600,1229978,0.449127,541234,150
brc000d,42,Radial,0.2,10,1,273860,225931,0.824987,169090,118
brc000d,42,Radial,0.2,20,1,547720,414429,0.756644,255123,122
brc000d,42,Radial,0.2,50,1,1369300,942983,0.688661,617619,118
brc000d,42,Radial,0.2,100,1,2738600,1861838,0.67985,1172713,122
brc000d,42,Radial,0.3,10,1,273860,243023,0.887399,202018,110
brc000d,42,Radial,0.3,20,1,547720,459598,0.839111,333299,114
brc000d,42,Radial,0.3,50,1,1369300,1094374,0.799222,797867,114
brc000d,42,Radial,0.3,100,1,2738600,2188690,0.7992,1560502,126
brc000d,42,Linear,0.1,10,1,273860,268682,0.981093,264623,88
brc000d,42,Linear,0.1,20,1,547720,535036,0.976842,524239,98
brc000d,42,Linear,0.1,50,1,1369300,1335705,0.975466,1312124,94
brc000d,42,Linear,0.1,100,1,2738600,2666542,0.973688,2621820,92
brc000d,42,Linear,0.2,10,1,273860,271915,0.992898,271612,26
brc000d,42,Linear,0.2,20,1,547720,544251,0.993666,543111,38
brc000d,42,Linear,0.2,50,1,1369300,1359702,0.992991,1358403,48
brc000d,42,Linear,0.2,100,1,2738600,2720677,0.993455,2717457,48
brc000d,42,Linear,0.3,10,1,273860,273254,0.997787,273026,4
brc000d,42,Linear,0.3,20,1,547720,546700,0.998138,546694,6
brc000d,42,Linear,0.3,50,1,1369300,1366220,0.997751,1365975,18
brc000d,42,Linear,0.3,100,1,2738600,2732150,0.997645,2731640,10
brc000d,42,Sparse,0.1,10,1,273860,222288,0.811685,217836,58
brc000d,42,Sparse,0.1,20,1,547720,406906,0.742909,386244,68
brc000d,42,Sparse,0.1,50,1,1369300,976232,0.712942,919636,124
brc000d,42,Sparse,0.1,100,1,2738600,1855518,0.677543,1710581,114
brc000d,42,Sparse,0.2,10,1,273860,255714,0.93374,252611,52
brc000d,42,Sparse,0.2,20,1,547720,494929,0.903617,478160,110
brc000d,42,Sparse,0.2,50,1,1369300,1267445,0.925615,1223858,124
brc000d,42,Sparse,0.2,100,1,2738600,2509834,0.916466,2411216,124
brc000d,42,Sparse,0.3,10,1,273860,260155,0.949956,258265,24
brc000d,42,Sparse,0.3,20,1,547720,514448,0.939254,508124,30
brc000d,42,Sparse,0.3,50,1,1369300,1301242,0.950297,1282720,72
brc000d,42,Sparse,0.3,100,1,2738600,2595318,0.947681,2545281,64
brc000d,42,Organic,0.1,10,1,273860,189408,0.691623,57157,162
brc000d,42,Organic,0.1,20,1,547720,379375,0.692644,114131,180
brc000d,42,Organic,0.1,50,1,1369300,959293,0.700572,261678,168
brc000d,42,Organic,0.1,100,1,2738600,1964473,0.717327,571240,172
brc000d,42,Organic,0.2,10,1,273860,242007,0.883689,213411,106
brc000d,42,Organic,0.2,20,1,547720,482330,0.880614,417746,124
brc000d,42,Organic,0.2,50,1,1369300,1197333,0.874412,1011070,184
brc000d,42,Organic,0.2,100,1,2738600,2421054,0.884048,2085462,186
brc000d,42,Organic,0.3,10,1,273860,264621,0.966264,259523,74
brc000d,42,Organic,0.3,20,1,547720,525777,0.959938,507054,184
brc000d,42,Organic,0.3,50,1,1369300,1289905,0.942018,1224448,212
brc000d,42,Organic,0.3,100,1,2738600,2582294,0.942925,2448104,212
brc000d,42,Stochastic,0.1,10,1,273860,169515,0.618984,27999,54
brc000d,42,Stochastic,0.1,20,1,547720,336803,0.614918,80576,76
brc000d,42,Stochastic,0.1,50,1,1369300,819167,0.598238,213745,76
brc000d,42,Stochastic,0.1,100,1,2738600,1543785,0.563713,329148,78
brc000d,42,Stochastic,0.2,10,1,273860,239436,0.874301,78432,192
brc000d,42,Stochastic,0.2,20,1,547720,480427,0.87714,178576,168
brc000d,42,Stochastic,0.2,50,1,1369300,1199552,0.876033,457324,192
brc000d,42,Stochastic,0.2,100,1,2738600,2325641,0.849208,697534,192
brc000d,42,Stochastic,0.3,10,1,273860,271907,0.992869,185038,174
brc000d,42,Stochastic,0.3,20,1,547720,542287,0.990081,352600,182
brc000d,42,Stochastic,0.3,50,1,1369300,1353149,0.988205,784321,190
brc000d,42,Stochastic,0.3,100,1,2738600,2700991,0.986267,1285484,190
brc100d,42,Radial,0.1,10,1,310230,221197,0.71301,211770,98
brc100d,42,Radial,0.1,20,1,620460,432889,0.69769,417985,98
brc100d,42,Radial,0.1,50,1,1551150,1129048,0.727878,1075868,132
brc100d,42,Radial,0.1,100,1,3102300,2259976,0.728484,2142977,132
brc100d,42,Radial,0.2,10,1,310230,272501,0.878384,262213,98
brc100d,42,Radial,0.2,20,1,620460,546977,0.881567,529272,150
brc100d,42,Radial,0.2,50,1,1551150,1362749,0.878541,1296554,180
brc100d,42,Radial,0.2,100,1,3102300,2708601,0.873094,2564827,198
brc100d,42,Radial,0.3,10,1,310230,285064,0.91888,284522,96
brc100d,42,Radial,0.3,20,1,620460,566382,0.912842,562386,150
brc100d,42,Radial,0.3,50,1,1551150,1425687,0.919116,1410820,180
brc100d,42,Radial,0.3,100,1,3102300,2828619,0.911781,2792643,198
brc100d,42,Linear,0.1,10,1,310230,306934,0.989376,305837,80
brc100d,42,Linear,0.1,20,1,620460,613188,0.98828,612706,24
brc100d,42,Linear,0.1,50,1,1551150,1533457,0.988594,1531760,78
brc100d,42,Linear,0.1,100,1,3102300,3062114,0.987046,3056002,70
brc100d,42,Linear,0.2,10,1,310230,309316,0.997054,308737,30
brc100d,42,Linear,0.2,20,1,620460,618661,0.997101,618513,12
brc100d,42,Linear,0.2,50,1,1551150,1546713,0.99714,1546235,24
brc100d,42,Linear,0.2,100,1,3102300,3088771,0.995639,3087477,30
brc100d,42,Linear,0.3,10,1,310230,309662,0.998169,309658,4
brc100d,42,Linear,0.3,20,1,620460,619566,0.998559,619549,12
brc100d,42,Linear,0.3,50,1,1551150,1548783,0.998474,1548710,6
brc100d,42,Linear,0.3,100,1,3102300,3095854,0.997922,3095054,46
brc100d,42,Sparse,0.1,10,1,310230,229406,0.739471,219813,110
brc100d,42,Sparse,0.1,20,1,620460,433087,0.69801,413657,110
brc100d,42,Sparse,0.1,50,1,1551150,1152203,0.742806,1093347,136
brc100d,42,Sparse,0.1,100,1,3102300,2297283,0.74051,2181815,136
brc100d,42,Sparse,0.2,10,1,310230,261403,0.84261,255823,220
brc100d,42,Sparse,0.2,20,1,620460,511368,0.824176,489298,220
brc100d,42,Sparse,0.2,50,1,1551150,1336619,0.861696,1286509,220
brc100d,42,Sparse,0.2,100,1,3102300,2656588,0.856329,2536067,242
brc100d,42,Sparse,0.3,10,1,310230,293279,0.94536,291797,58
brc100d,42,Sparse,0.3,20,1,620460,575134,0.926948,567109,120
brc100d,42,Sparse,0.3,50,1,1551150,1451622,0.935836,1436864,154
brc100d,42,Sparse,0.3,100,1,3102300,2919745,0.941155,2894210,144
brc100d,42,Organic,0.1,10,1,310230,232963,0.750936,199291,50
brc100d,42,Organic,0.1,20,1,620460,430621,0.694035,393464,50
brc100d,42,Organic,0.1,50,1,1551150,1146856,0.739359,1081308,66
brc100d,42,Organic,0.1,100,1,3102300,2244828,0.723601,2099795,64
brc100d,42,Organic,0.2,10,1,310230,259612,0.836837,245623,42
brc100d,42,Organic,0.2,20,1,620460,470776,0.758753,463007,50
brc100d,42,Organic,0.2,50,1,1551150,1264920,0.815472,1245840,66
brc100d,42,Organic,0.2,100,1,3102300,2459979,0.792953,2412771,62
brc100d,42,Organic,0.3,10,1,310230,278664,0.89825,257368,172
brc100d,42,Organic,0.3,20,1,620460,525192,0.846456,503196,172
brc100d,42,Organic,0.3,50,1,1551150,1362864,0.878615,1325232,194
brc100d,42,Organic,0.3,100,1,3102300,2653268,0.855258,2546116,218
brc100d,42,Stochastic,0.1,10,1,310230,263975,0.850901,31429,40
brc100d,42,Stochastic,0.1,20,1,620460,502019,0.809108,62858,60
brc100d,42,Stochastic,0.1,50,1,1551150,1182013,0.762024,212903,68
brc100d,42,Stochastic,0.1,100,1,3102300,2364146,0.762062,397930,74
brc100d,42,Stochastic,0.2,10,1,310230,300960,0.970119,204342,62
brc100d,42,Stochastic,0.2,20,1,620460,600406,0.967679,425807,76
brc100d,42,Stochastic,0.2,50,1,1551150,1491076,0.961271,981895,76
brc100d,42,Stochastic,0.2,100,1,3102300,2976633,0.959492,1914881,82
brc100d,42,Stochastic,0.3,10,1,310230,309479,0.997579,275519,320
brc100d,42,Stochastic,0.3,20,1,620460,617019,0.994454,556199,320
brc100d,42,Stochastic,0.3,50,1,1551150,1542069,0.994146,1338153,326
brc100d,42,Stochastic,0.3,100,1,3102300,3085589,0.994613,2664591,328
brc101d,42,Radial,0.1,10,1,298820,230572,0.771608,222058,488
brc101d,42,Radial,0.1,20,1,597640,435737,0.729096,404955,654
brc101d,42,Radial,0.1,50,1,1494100,1083932,0.725475,1023015,648
brc101d,42,Radial,0.1,100,1,2988200,2183219,0.730613,2063443,658
brc101d,42,Radial,0.2,10,1,298820,273886,0.916558,263420,98
brc101d,42,Radial,0.2,20,1,597640,525051,0.878541,498912,346
brc101d,42,Radial,0.2,50,1,1494100,1308572,0.875826,1278444,346
brc101d,42,Radial,0.2,100,1,2988200,2638509,0.882976,2568646,350
brc101d,42,Radial,0.3,10,1,298820,284800,0.953082,283607,20
brc101d,42,Radial,0.3,20,1,597640,556973,0.931954,552535,36
brc101d,42,Radial,0.3,50,1,1494100,1404777,0.940216,1396445,36
brc101d,42,Radial,0.3,100,1,2988200,2806861,0.939315,2794314,36
brc101d,42,Linear,0.1,10,1,298820,292075,0.977428,290222,60
brc101d,42,Linear,0.1,20,1,597640,584552,0.978101,578360,80
brc101d,42,Linear,0.1,50,1,1494100,1465735,0.981015,1446299,98
brc101d,42,Linear,0.1,100,1,2988200,2927766,0.979776,2887796,116
brc101d,42,Linear,0.2,10,1,298820,297860,0.996787,297857,4
brc101d,42,Linear,0.2,20,1,597640,594320,0.994445,592841,52
brc101d,42,Linear,0.2,50,1,1494100,1487793,0.995779,1485296,56
brc101d,42,Linear,0.2,100,1,2988200,2973167,0.994969,2966122,62
brc101d,42,Linear,0.3,10,1,298820,298169,0.997821,298166,4
brc101d,42,Linear,0.3,20,1,597640,595621,0.996622,595316,18
brc101d,42,Linear,0.3,50,1,1494100,1490486,0.997581,1490212,12
brc101d,42,Linear,0.3,100,1,2988200,2980272,0.997347,2979557,20
brc101d,42,Sparse,0.1,10,1,298820,242134,0.810301,233492,84
brc101d,42,Sparse,0.1,20,1,597640,491972,0.823191,472973,84
brc101d,42,Sparse,0.1,50,1,1494100,1253773,0.839149,1189614,100
brc101d,42,Sparse,0.1,100,1,2988200,2462674,0.824133,2314562,84
brc101d,42,Sparse,0.2,10,1,298820,277217,0.927706,253049,94
brc101d,42,Sparse,0.2,20,1,597640,558881,0.935147,534705,94
brc101d,42,Sparse,0.2,50,1,1494100,1405701,0.940835,1346155,94
brc101d,42,Sparse,0.2,100,1,2988200,2802583,0.937883,2646956,100
brc101d,42,Sparse,0.3,10,1,298820,283354,0.948243,282166,34
brc101d,42,Sparse,0.3,20,1,597640,572669,0.958217,570283,34
brc101d,42,Sparse,0.3,50,1,1494100,1441230,0.964614,1421834,62
brc101d,42,Sparse,0.3,100,1,2988200,2874735,0.962029,2847402,62
brc101d,42,Organic,0.1,10,1,298820,190171,0.636407,180131,500
brc101d,42,Organic,0.1,20,1,597640,354831,0.59372,324151,566
brc101d,42,Organic,0.1,50,1,1494100,953109,0.637915,868446,568
brc101d,42,Organic,0.1,100,1,2988200,1940507,0.64939,1823749,570
brc101d,42,Organic,0.2,10,1,298820,278990,0.933639,278180,22
brc101d,42,Organic,0.2,20,1,597640,561186,0.939003,557618,102
brc101d,42,Organic,0.2,50,1,1494100,1418580,0.949455,1403021,130
brc101d,42,Organic,0.2,100,1,2988200,2829739,0.946971,2809092,146
brc101d,42,Organic,0.3,10,1,298820,289298,0.968135,288582,20
brc101d,42,Organic,0.3,20,1,597640,576549,0.96471,573127,68
brc101d,42,Organic,0.3,50,1,1494100,1454622,0.973577,1448833,66
brc101d,42,Organic,0.3,100,1,2988200,2900841,0.970765,2889801,68
brc101d,42,Stochastic,0.1,10,1,298820,247237,0.827378,30089,32
brc101d,42,Stochastic,0.1,20,1,597640,505374,0.845616,60178,36
brc101d,42,Stochastic,0.1,50,1,1494100,1261528,0.84434,150441,36
brc101d,42,Stochastic,0.1,100,1,2988200,2494082,0.834644,300887,36
brc101d,42,Stochastic,0.2,10,1,298820,287560,0.962318,109189,64
brc101d,42,Stochastic,0.2,20,1,597640,577400,0.966133,170987,64
brc101d,42,Stochastic,0.2,50,1,1494100,1425339,0.953978,356380,68
brc101d,42,Stochastic,0.2,100,1,2988200,2855999,0.955759,783867,66
brc101d,42,Stochastic,0.3,10,1,298820,296994,0.993889,265922,124
brc101d,42,Stochastic,0.3,20,1,597640,593455,0.992997,517109,122
brc101d,42,Stochastic,0.3,50,1,1494100,1485814,0.994454,1305664,108
brc101d,42,Stochastic,0.3,100,1,2988200,2966497,0.992737,2566327,106
brc201d,42,Radial,0.1,10,1,210660,125217,0.594403,102966,36
brc201d,42,Radial,0.1,20,1,337298,196925,0.583831,184361,34
brc201d,42,Radial,0.1,50,1,7750,0,0.0,0,0
brc201d,42,Radial,0.1,100,1,2106600,1178845,0.559596,1019124,44
brc201d,42,Radial,0.2,10,1,210660,184817,0.877324,179136,36
brc201d,42,Radial,0.2,20,1,337298,309120,0.91646,305904,34
brc201d,42,Radial,0.2,50,1,7750,0,0.0,0,0
brc201d,42,Radial,0.2,100,1,2106600,1837937,0.872466,1794638,40
brc201d,42,Radial,0.3,10,1,210660,194729,0.924376,194107,36
brc201d,42,Radial,0.3,20,1,337298,330995,0.981313,330869,12
brc201d,42,Radial,0.3,50,1,7750,0,0.0,0,0
brc201d,42,Radial,0.3,100,1,2106600,1959766,0.930298,1948144,40
brc201d,42,Linear,0.1,10,1,210660,208529,0.989884,207914,12
brc201d,42,Linear,0.1,20,1,337298,329168,0.975897,328127,20
brc201d,42,Linear,0.1,50,1,7750,3752,0.484129,2345,22
brc201d,42,Linear,0.1,100,1,2106600,2067652,0.981511,2063387,80
brc201d,42,Linear,0.2,10,1,210660,209046,0.992338,208835,12
brc201d,42,Linear,0.2,20,1,337298,334259,0.99099,333627,22
brc201d,42,Linear,0.2,50,1,7750,5972,0.770581,5731,10
brc201d,42,Linear,0.2,100,1,2106600,2092389,0.993254,2089927,44
brc201d,42,Linear,0.3,10,1,210660,210037,0.997043,209993,6
brc201d,42,Linear,0.3,20,1,337298,335660,0.995144,335287,22
brc201d,42,Linear,0.3,50,1,7750,6897,0.889935,6803,10
brc201d,42,Linear,0.3,100,1,2106600,2100210,0.996967,2098868,44
brc201d,42,Sparse,0.1,10,1,210660,165928,0.787658,161405,68
brc201d,42,Sparse,0.1,20,1,337298,257993,0.764881,246429,82
brc201d,42,Sparse,0.1,50,1,7750,5781,0.745935,4906,14
brc201d,42,Sparse,0.1,100,1,2106600,1667817,0.79171,1573228,98
brc201d,42,Sparse,0.2,10,1,210660,193402,0.918077,191862,70
brc201d,42,Sparse,0.2,20,1,337298,313459,0.929324,304663,24
brc201d,42,Sparse,0.2,50,1,7750,5781,0.745935,4906,14
brc201d,42,Sparse,0.2,100,1,2106600,1938155,0.920039,1923907,76
brc201d,42,Sparse,0.3,10,1,210660,203816,0.967512,202332,70
brc201d,42,Sparse,0.3,20,1,337298,322208,0.955262,318094,70
brc201d,42,Sparse,0.3,50,1,7750,7466,0.963355,7439,4
brc201d,42,Sparse,0.3,100,1,2106600,2015051,0.956542,2000520,76
brc201d,42,Organic,0.1,10,1,210660,152087,0.721955,151008,74
brc201d,42,Organic,0.1,20,1,337298,222779,0.660481,217706,74
brc201d,42,Organic,0.1,50,1,7750,0,0.0,0,0
brc201d,42,Organic,0.1,100,1,2106600,1466481,0.696136,1451744,74
brc201d,42,Organic,0.2,10,1,210660,192658,0.914545,192169,24
brc201d,42,Organic,0.2,20,1,337298,307333,0.911162,304664,50
brc201d,42,Organic,0.2,50,1,7750,0,0.0,0,0
brc201d,42,Organic,0.2,100,1,2106600,1933561,0.917859,1920938,34
brc201d,42,Organic,0.3,10,1,210660,204636,0.971404,204388,12
brc201d,42,Organic,0.3,20,1,337298,323236,0.95831,320885,50
brc201d,42,Organic,0.3,50,1,7750,0,0.0,0,0
brc201d,42,Organic,0.3,100,1,2106600,2020609,0.95918,2010834,34
brc201d,42,Stochastic,0.1,10,1,210660,169914,0.806579,21299,32
brc201d,42,Stochastic,0.1,20,1,337298,259904,0.770547,34096,32
brc201d,42,Stochastic,0.1,50,1,7750,1790,0.230968,795,8
brc201d,42,Stochastic,0.1,100,1,2106600,1698350,0.806204,250863,34
brc201d,42,Stochastic,0.2,10,1,210660,201612,0.957049,145199,42
brc201d,42,Stochastic,0.2,20,1,337298,311710,0.924138,244970,32
brc201d,42,Stochastic,0.2,50,1,7750,3910,0.504516,1564,14
brc201d,42,Stochastic,0.2,100,1,2106600,2010618,0.954437,1515036,44
brc201d,42,Stochastic,0.3,10,1,210660,209529,0.994631,191643,94
brc201d,42,Stochastic,0.3,20,1,337298,334276,0.991041,297160,106
brc201d,42,Stochastic,0.3,50,1,7750,6012,0.775742,4301,14
brc201d,42,Stochastic,0.3,100,1,2106600,2088844,0.991571,1911777,120
brc202d,42,Radial,0.1,10,1,431510,241896,0.56058,238000,164
brc202d,42,Radial,0.1,20,1,863020,455944,0.528312,451646,164
brc202d,42,Radial,0.1,50,1,2157550,1125529,0.52167,1116037,164
brc202d,42,Radial,0.1,100,1,4315100,2117150,0.490638,2099218,190
brc202d,42,Radial,0.2,10,1,431510,367143,0.850833,296027,176
brc202d,42,Radial,0.2,20,1,863020,744494,0.862661,573289,176
brc202d,42,Radial,0.2,50,1,2157550,1772135,0.821365,1369365,176
brc202d,42,Radial,0.2,100,1,4315100,3509695,0.813352,2638610,200
brc202d,42,Radial,0.3,10,1,431510,408679,0.94709,398443,168
brc202d,42,Radial,0.3,20,1,863020,823525,0.954236,811521,168
brc202d,42,Radial,0.3,50,1,2157550,2032943,0.942246,1999813,168
brc202d,42,Radial,0.3,100,1,4315100,4060936,0.941099,3986080,200
brc202d,42,Linear,0.1,10,1,431510,424249,0.983173,422440,70
brc202d,42,Linear,0.1,20,1,863020,851282,0.986399,847525,74
brc202d,42,Linear,0.1,50,1,2157550,2123645,0.984285,2114486,156
brc202d,42,Linear,0.1,100,1,4315100,4245858,0.983954,4223260,156
brc202d,42,Linear,0.2,10,1,431510,430830,0.998424,430820,8
brc202d,42,Linear,0.2,20,1,863020,861179,0.997867,860559,72
brc202d,42,Linear,0.2,50,1,2157550,2148073,0.995608,2147153,72
brc202d,42,Linear,0.2,100,1,4315100,4296278,0.995638,4293670,72
brc202d,42,Linear,0.3,10,1,431510,431206,0.999295,431197,8
brc202d,42,Linear,0.3,20,1,863020,862170,0.999015,862110,8
brc202d,42,Linear,0.3,50,1,2157550,2154432,0.998555,2153996,56
brc202d,42,Linear,0.3,100,1,4315100,4308589,0.998491,4307367,56
brc202d,42,Sparse,0.1,10,1,431510,281983,0.65348,281271,22
brc202d,42,Sparse,0.1,20,1,863020,550808,0.638233,549345,30
brc202d,42,Sparse,0.1,50,1,2157550,1429257,0.662444,1423905,146
brc202d,42,Sparse,0.1,100,1,4315100,2763480,0.640421,2723166,146
brc202d,42,Sparse,0.2,10,1,431510,403123,0.934215,398759,58
brc202d,42,Sparse,0.2,20,1,863020,802814,0.930238,792748,140
brc202d,42,Sparse,0.2,50,1,2157550,2026398,0.939213,1998032,146
brc202d,42,Sparse,0.2,100,1,4315100,4038026,0.93579,3965042,186
brc202d,42,Sparse,0.3,10,1,431510,424431,0.983595,422882,60
brc202d,42,Sparse,0.3,20,1,863020,847450,0.981959,844503,140
brc202d,42,Sparse,0.3,50,1,2157550,2124936,0.984884,2115178,84
brc202d,42,Sparse,0.3,100,1,4315100,4245274,0.983818,4216043,186
brc202d,42,Organic,0.1,10,1,431510,355561,0.823992,258563,136
brc202d,42,Organic,0.1,20,1,863020,700775,0.812003,535030,190
brc202d,42,Organic,0.1,50,1,2157550,1744701,0.808649,1303016,190
brc202d,42,Organic,0.1,100,1,4315100,3457729,0.801309,2370605,202
brc202d,42,Organic,0.2,10,1,431510,402050,0.931728,393966,112
brc202d,42,Organic,0.2,20,1,863020,792227,0.917971,770779,106
brc202d,42,Organic,0.2,50,1,2157550,1997969,0.926036,1944294,112
brc202d,42,Organic,0.2,100,1,4315100,3945709,0.914396,3783151,136
brc202d,42,Organic,0.3,10,1,431510,419293,0.971688,413652,112
brc202d,42,Organic,0.3,20,1,863020,832265,0.964364,817415,106
brc202d,42,Organic,0.3,50,1,2157550,2065862,0.957504,2026013,112
brc202d,42,Organic,0.3,100,1,4315100,4101776,0.950563,3962591,136
brc202d,42,Stochastic,0.1,10,1,431510,412542,0.956043,205891,60
brc202d,42,Stochastic,0.1,20,1,863020,824488,0.955352,433294,64
brc202d,42,Stochastic,0.1,50,1,2157550,2035029,0.943213,1001230,66
brc202d,42,Stochastic,0.1,100,1,4315100,4042667,0.936865,1904685,66
brc202d,42,Stochastic,0.2,10,1,431510,428060,0.992005,342770,94
brc202d,42,Stochastic,0.2,20,1,863020,852324,0.987606,606154,132
brc202d,42,Stochastic,0.2,50,1,2157550,2124231,0.984557,1449210,132
brc202d,42,Stochastic,0.2,100,1,4315100,4247283,0.984284,2753022,178
brc202d,42,Stochastic,0.3,10,1,431510,431155,0.999177,430107,40
brc202d,42,Stochastic,0.3,20,1,863020,861162,0.997847,832150,110
brc202d,42,Stochastic,0.3,50,1,2157550,2152176,0.997509,1999343,148
brc202d,42,Stochastic,0.3,100,1,4315100,4302770,0.997143,3936346,148
brc203d,42,Radial,0.1,10,1,207120,127757,0.616826,106691,42
brc203d,42,Radial,0.1,20,1,414240,202361,0.488511,149630,42
brc203d,42,Radial,0.1,50,1,1035600,488124,0.471344,390998,42
brc203d,42,Radial,0.1,100,1,2071200,983615,0.474901,780165,48
brc203d,42,Radial,0.2,10,1,207120,186083,0.898431,184558,36
brc203d,42,Radial,0.2,20,1,414240,358669,0.865848,347762,36
brc203d,42,Radial,0.2,50,1,1035600,892035,0.86137,874200,36
brc203d,42,Radial,0.2,100,1,2071200,1794621,0.866464,1745114,46
brc203d,42,Radial,0.3,10,1,207120,192173,0.927834,190543,36
brc203d,42,Radial,0.3,20,1,414240,381635,0.92129,374713,58
brc203d,42,Radial,0.3,50,1,1035600,956886,0.923992,942363,58
brc203d,42,Radial,0.3,100,1,2071200,1926756,0.930261,1891868,58
brc203d,42,Linear,0.1,10,1,207120,203158,0.980871,203015,20
brc203d,42,Linear,0.1,20,1,414240,405696,0.979374,404742,20
brc203d,42,Linear,0.1,50,1,1035600,1010832,0.976083,1002683,196
brc203d,42,Linear,0.1,100,1,2071200,2017743,0.97419,2002941,196
brc203d,42,Linear,0.2,10,1,207120,205932,0.994264,205905,52
brc203d,42,Linear,0.2,20,1,414240,410130,0.990078,409600,52
brc203d,42,Linear,0.2,50,1,1035600,1025206,0.989963,1024275,52
brc203d,42,Linear,0.2,100,1,2071200,2050940,0.990218,2049158,64
brc203d,42,Linear,0.3,10,1,207120,206606,0.997518,206541,52
brc203d,42,Linear,0.3,20,1,414240,411916,0.99439,411365,52
brc203d,42,Linear,0.3,50,1,1035600,1030250,0.994834,1029521,52
brc203d,42,Linear,0.3,100,1,2071200,2060426,0.994798,2058695,64
brc203d,42,Sparse,0.1,10,1,207120,151828,0.733044,150915,36
brc203d,42,Sparse,0.1,20,1,414240,313083,0.755801,311285,36
brc203d,42,Sparse,0.1,50,1,1035600,797736,0.770313,786299,50
brc203d,42,Sparse,0.1,100,1,2071200,1595302,0.770231,1582343,36
brc203d,42,Sparse,0.2,10,1,207120,191400,0.924102,190576,10
brc203d,42,Sparse,0.2,20,1,414240,382263,0.922806,380427,28
brc203d,42,Sparse,0.2,50,1,1035600,957519,0.924603,950655,24
brc203d,42,Sparse,0.2,100,1,2071200,1914414,0.924302,1896631,28
brc203d,42,Sparse,0.3,10,1,207120,201221,0.971519,200231,20
brc203d,42,Sparse,0.3,20,1,414240,397950,0.960675,395900,20
brc203d,42,Sparse,0.3,50,1,1035600,999835,0.965464,992230,20
brc203d,42,Sparse,0.3,100,1,2071200,1997783,0.964553,1979784,26
brc203d,42,Organic,0.1,10,1,207120,140043,0.676144,133692,18
brc203d,42,Organic,0.1,20,1,414240,293044,0.707426,276366,40
brc203d,42,Organic,0.1,50,1,1035600,742385,0.716865,729742,22
brc203d,42,Organic,0.1,100,1,2071200,1422896,0.686991,1377528,40
brc203d,42,Organic,0.2,10,1,207120,190964,0.921997,187450,36
brc203d,42,Organic,0.2,20,1,414240,384929,0.929242,378031,40
brc203d,42,Organic,0.2,50,1,1035600,960193,0.927185,955825,36
brc203d,42,Organic,0.2,100,1,2071200,1898353,0.916547,1878845,40
brc203d,42,Organic,0.3,10,1,207120,201299,0.971896,200092,36
brc203d,42,Organic,0.3,20,1,414240,405724,0.979442,404918,36
brc203d,42,Organic,0.3,50,1,1035600,1013796,0.978946,1011324,36
brc203d,42,Organic,0.3,100,1,2071200,2015979,0.973339,2008747,42
brc203d,42,Stochastic,0.1,10,1,207120,192350,0.928689,100228,40
brc203d,42,Stochastic,0.1,20,1,414240,372945,0.900311,146472,40
brc203d,42,Stochastic,0.1,50,1,1035600,926848,0.894986,250989,42
brc203d,42,Stochastic,0.1,100,1,2071200,1855050,0.89564,519872,42
brc203d,42,Stochastic,0.2,10,1,207120,204135,0.985588,144702,72
brc203d,42,Stochastic,0.2,20,1,414240,405408,0.978679,210822,72
brc203d,42,Stochastic,0.2,50,1,1035600,1009708,0.974998,425967,74
brc203d,42,Stochastic,0.2,100,1,2071200,2016909,0.973788,883694,76
brc203d,42,Stochastic,0.3,10,1,207120,206269,0.995891,203210,38
brc203d,42,Stochastic,0.3,20,1,414240,411184,0.992623,398526,70
brc203d,42,Stochastic,0.3,50,1,1035600,1028847,0.993479,987296,68
brc203d,42,Stochastic,0.3,100,1,2071200,2059123,0.994169,1972618,84
den000d,42,Radial,0.1,10,1,580850,304740,0.524645,258198,234
den000d,42,Radial,0.1,20,1,1161700,601090,0.517423,473359,234
den000d,42,Radial,0.1,50,1,2904250,1463142,0.503793,1073844,292
den000d,42,Radial,0.1,100,1,5808500,2925504,0.503659,2145410,332
den000d,42,Radial,0.2,10,1,580850,364372,0.627308,287637,274
den000d,42,Radial,0.2,20,1,1161700,740392,0.637335,577841,274
den000d,42,Radial,0.2,50,1,2904250,1828622,0.629637,1362892,316
den000d,42,Radial,0.2,100,1,5808500,3693001,0.635793,2768575,356
den000d,42,Radial,0.3,10,1,580850,471977,0.812563,428163,274
den000d,42,Radial,0.3,20,1,1161700,970762,0.835639,903471,274
den000d,42,Radial,0.3,50,1,2904250,2326665,0.801124,2084889,316
den000d,42,Radial,0.3,100,1,5808500,4744970,0.816901,4279286,356
den000d,42,Linear,0.1,10,1,580850,573231,0.986883,572831,46
den000d,42,Linear,0.1,20,1,1161700,1146074,0.986549,1141277,98
den000d,42,Linear,0.1,50,1,2904250,2860815,0.985044,2840985,98
den000d,42,Linear,0.1,100,1,5808500,5701623,0.9816,5655103,106
den000d,42,Linear,0.2,10,1,580850,578029,0.995143,577771,72
den000d,42,Linear,0.2,20,1,1161700,1155718,0.994851,1154871,74
den000d,42,Linear,0.2,50,1,2904250,2893743,0.996382,2892040,74
den000d,42,Linear,0.2,100,1,5808500,5783897,0.995764,5777245,74
den000d,42,Linear,0.3,10,1,580850,579982,0.998506,579861,4
den000d,42,Linear,0.3,20,1,1161700,1158976,0.997655,1158928,36
den000d,42,Linear,0.3,50,1,2904250,2900951,0.998864,2900620,36
den000d,42,Linear,0.3,100,1,5808500,5800111,0.998556,5797108,72
den000d,42,Sparse,0.1,10,1,580850,302616,0.520988,181954,260
den000d,42,Sparse,0.1,20,1,1161700,682997,0.587929,413848,328
den000d,42,Sparse,0.1,50,1,2904250,1709359,0.588572,760516,346
den000d,42,Sparse,0.1,100,1,5808500,3463969,0.596362,1620929,376
den000d,42,Sparse,0.2,10,1,580850,459017,0.79025,370569,484
den000d,42,Sparse,0.2,20,1,1161700,1007497,0.867261,853582,508
den000d,42,Sparse,0.2,50,1,2904250,2513552,0.865474,2086770,508
den000d,42,Sparse,0.2,100,1,5808500,5091780,0.876608,4243301,508
den000d,42,Sparse,0.3,10,1,580850,550644,0.947997,540777,204
den000d,42,Sparse,0.3,20,1,1161700,1111580,0.956856,1088965,204
den000d,42,Sparse,0.3,50,1,2904250,2789733,0.960569,2727411,204
den000d,42,Sparse,0.3,100,1,5808500,5615387,0.966753,5466001,238
den000d,42,Organic,0.1,10,1,580850,526672,0.906726,484841,448
den000d,42,Organic,0.1,20,1,1161700,1008225,0.867888,925306,448
den000d,42,Organic,0.1,50,1,2904250,2455382,0.845444,2248843,448
den000d,42,Organic,0.1,100,1,5808500,4893752,0.842516,4435264,476
den000d,42,Organic,0.2,10,1,580850,553416,0.952769,542307,262
den000d,42,Organic,0.2,20,1,1161700,1095049,0.942626,1079805,262
den000d,42,Organic,0.2,50,1,2904250,2706270,0.931831,2645673,300
den000d,42,Organic,0.2,100,1,5808500,5433876,0.935504,5284140,310
den000d,42,Organic,0.3,10,1,580850,570149,0.981577,569610,26
den000d,42,Organic,0.3,20,1,1161700,1136934,0.978681,1134395,62
den000d,42,Organic,0.3,50,1,2904250,2824051,0.972386,2810020,118
den000d,42,Organic,0.3,100,1,5808500,5641767,0.971295,5596082,166
den000d,42,Stochastic,0.1,10,1,580850,492467,0.847839,163581,28
den000d,42,Stochastic,0.1,20,1,1161700,940822,0.809867,275026,28
den000d,42,Stochastic,0.1,50,1,2904250,2286391,0.787257,609356,30
den000d,42,Stochastic,0.1,100,1,5808500,4597046,0.791434,905780,30
den000d,42,Stochastic,0.2,10,1,580850,554187,0.954097,212905,58
den000d,42,Stochastic,0.2,20,1,1161700,1116970,0.961496,517714,56
den000d,42,Stochastic,0.2,50,1,2904250,2785857,0.959235,1156445,66
den000d,42,Stochastic,0.2,100,1,5808500,5485446,0.944383,1715163,66
den000d,42,Stochastic,0.3,10,1,580850,579650,0.997934,427734,166
den000d,42,Stochastic,0.3,20,1,1161700,1158558,0.997295,855462,176
den000d,42,Stochastic,0.3,50,1,2904250,2893838,0.996415,1832247,228
den000d,42,Stochastic,0.3,100,1,5808500,5779176,0.994952,3129242,228
den005d,42,Radial,0.1,10,1,175590,149581,0.851877,136100,42
den005d,42,Radial,0.1,20,1,351180,292768,0.833669,267380,42
den005d,42,Radial,0.1,50,1,877950,703587,0.801398,627027,46
den005d,42,Radial,0.1,100,1,1755900,1429372,0.81404,1272520,42
den005d,42,Radial,0.2,10,1,175590,163171,0.929273,162745,42
den005d,42,Radial,0.2,20,1,351180,327191,0.93169,326770,42
den005d,42,Radial,0.2,50,1,877950,818231,0.931979,816781,46
den005d,42,Radial,0.2,100,1,1755900,1639629,0.933783,1635919,42
den005d,42,Radial,0.3,10,1,175590,166644,0.949052,166224,42
den005d,42,Radial,0.3,20,1,351180,334097,0.951355,333685,42
den005d,42,Radial,0.3,50,1,877950,827997,0.943103,826348,46
den005d,42,Radial,0.3,100,1,1755900,1663340,0.947286,1659360,42
den005d,42,Linear,0.1,10,1,175590,173250,0.986674,172568,44
den005d,42,Linear,0.1,20,1,351180,345099,0.982684,344044,44
den005d,42,Linear,0.1,50,1,877950,861820,0.981628,856574,44
den005d,42,Linear,0.1,100,1,1755900,1721259,0.980272,1709114,64
den005d,42,Linear,0.2,10,1,175590,174218,0.992186,173615,44
den005d,42,Linear,0.2,20,1,351180,349613,0.995538,349000,44
den005d,42,Linear,0.2,50,1,877950,871455,0.992602,870045,44
den005d,42,Linear,0.2,100,1,1755900,1742572,0.99241,1738861,52
den005d,42,Linear,0.3,10,1,175590,174845,0.995757,174845,0
den005d,42,Linear,0.3,20,1,351180,350234,0.997306,350234,0
den005d,42,Linear,0.3,50,1,877950,875343,0.997031,874812,42
den005d,42,Linear,0.3,100,1,1755900,1750157,0.996729,1748525,42
den005d,42,Sparse,0.1,10,1,175590,135592,0.772208,95257,30
den005d,42,Sparse,0.1,20,1,351180,276157,0.786369,199946,62
den005d,42,Sparse,0.1,50,1,877950,668531,0.761468,492935,62
den005d,42,Sparse,0.1,100,1,1755900,1349016,0.768276,991500,72
den005d,42,Sparse,0.2,10,1,175590,155420,0.88513,153747,30
den005d,42,Sparse,0.2,20,1,351180,296012,0.842907,284481,38
den005d,42,Sparse,0.2,50,1,877950,727178,0.828268,707775,42
den005d,42,Sparse,0.2,100,1,1755900,1467767,0.835906,1429066,42
den005d,42,Sparse,0.3,10,1,175590,172075,0.979982,171957,14
den005d,42,Sparse,0.3,20,1,351180,340475,0.969517,337019,38
den005d,42,Sparse,0.3,50,1,877950,849510,0.967606,843453,42
den005d,42,Sparse,0.3,100,1,1755900,1704272,0.970597,1693571,42
den005d,42,Organic,0.1,10,1,175590,158898,0.904938,151149,70
den005d,42,Organic,0.1,20,1,351180,287596,0.818942,277816,70
den005d,42,Organic,0.1,50,1,877950,715888,0.815409,701747,70
den005d,42,Organic,0.1,100,1,1755900,1408437,0.802117,1371772,70
den005d,42,Organic,0.2,10,1,175590,170024,0.968301,162476,72
den005d,42,Organic,0.2,20,1,351180,332353,0.946389,323558,72
den005d,42,Organic,0.2,50,1,877950,823051,0.937469,810683,72
den005d,42,Organic,0.2,100,1,1755900,1634434,0.930824,1608168,72
den005d,42,Organic,0.3,10,1,175590,172129,0.980289,171745,12
den005d,42,Organic,0.3,20,1,351180,342302,0.97472,338511,60
den005d,42,Organic,0.3,50,1,877950,856461,0.975524,849133,98
den005d,42,Organic,0.3,100,1,1755900,1706472,0.97185,1685780,98
den005d,42,Stochastic,0.1,10,1,175590,164525,0.936984,33998,64
den005d,42,Stochastic,0.1,20,1,351180,324386,0.923703,52268,66
den005d,42,Stochastic,0.1,50,1,877950,804947,0.916848,154264,66
den005d,42,Stochastic,0.1,100,1,1755900,1632733,0.929855,324234,74
den005d,42,Stochastic,0.2,10,1,175590,172277,0.981132,151513,56
den005d,42,Stochastic,0.2,20,1,351180,343802,0.978991,260727,74
den005d,42,Stochastic,0.2,50,1,877950,860826,0.980495,609740,88
den005d,42,Stochastic,0.2,100,1,1755900,1725712,0.982808,1282813,88
den005d,42,Stochastic,0.3,10,1,175590,174750,0.995216,166333,66
den005d,42,Stochastic,0.3,20,1,351180,349384,0.994886,324142,96
den005d,42,Stochastic,0.3,50,1,877950,874137,0.995657,813659,98
den005d,42,Stochastic,0.3,100,1,1755900,1747361,0.995137,1641287,98
den011d,42,Radial,0.1,10,1,145060,89615,0.617779,64296,224
den011d,42,Radial,0.1,20,1,290120,166518,0.573962,118291,224
den011d,42,Radial,0.1,50,1,725300,431093,0.594365,301071,224
den011d,42,Radial,0.1,100,1,1450600,854008,0.588727,579154,224
den011d,42,Radial,0.2,10,1,145060,124162,0.855935,111684,232
den011d,42,Radial,0.2,20,1,290120,252970,0.87195,228288,232
den011d,42,Radial,0.2,50,1,725300,626965,0.864422,545624,232
den011d,42,Radial,0.2,100,1,1450600,1227118,0.845938,1053962,232
den011d,42,Radial,0.3,10,1,145060,132614,0.914201,128138,96
den011d,42,Radial,0.3,20,1,290120,265469,0.915032,255672,96
den011d,42,Radial,0.3,50,1,725300,671013,0.925152,647187,96
den011d,42,Radial,0.3,100,1,1450600,1327319,0.915014,1272862,96
den011d,42,Linear,0.1,10,1,145060,139552,0.96203,138255,58
den011d,42,Linear,0.1,20,1,290120,281200,0.969254,275354,74
den011d,42,Linear,0.1,50,1,725300,701932,0.967782,690290,74
den011d,42,Linear,0.1,100,1,1450600,1405323,0.968787,1378795,82
den011d,42,Linear,0.2,10,1,145060,142838,0.984682,142228,42
den011d,42,Linear,0.2,20,1,290120,286894,0.98888,286140,42
den011d,42,Linear,0.2,50,1,725300,718899,0.991175,717038,48
den011d,42,Linear,0.2,100,1,1450600,1436083,0.989992,1432619,48
den011d,42,Linear,0.3,10,1,145060,143730,0.990831,143546,16
den011d,42,Linear,0.3,20,1,290120,288242,0.993527,288022,16
den011d,42,Linear,0.3,50,1,725300,722270,0.995822,721905,36
den011d,42,Linear,0.3,100,1,1450600,1443606,0.995179,1442168,38
den011d,42,Sparse,0.1,10,1,145060,131375,0.90566,130462,30
den011d,42,Sparse,0.1,20,1,290120,261700,0.902041,257965,32
den011d,42,Sparse,0.1,50,1,725300,658395,0.907755,647222,42
den011d,42,Sparse,0.1,100,1,1450600,1316824,0.907779,1300305,30
den011d,42,Sparse,0.2,10,1,145060,138767,0.956618,135729,62
den011d,42,Sparse,0.2,20,1,290120,279439,0.963184,272336,64
den011d,42,Sparse,0.2,50,1,725300,699382,0.964266,682829,64
den011d,42,Sparse,0.2,100,1,1450600,1397747,0.963565,1367643,68
den011d,42,Sparse,0.3,10,1,145060,141611,0.976224,139574,54
den011d,42,Sparse,0.3,20,1,290120,285120,0.982766,279337,64
den011d,42,Sparse,0.3,50,1,725300,713109,0.983192,699208,70
den011d,42,Sparse,0.3,100,1,1450600,1426631,0.983476,1400568,70
den011d,42,Organic,0.1,10,1,145060,118813,0.819061,96967,158
den011d,42,Organic,0.1,20,1,290120,225914,0.778692,179033,212
den011d,42,Organic,0.1,50,1,725300,561814,0.774595,452766,212
den011d,42,Organic,0.1,100,1,1450600,1111797,0.766439,885339,226
den011d,42,Organic,0.2,10,1,145060,129118,0.890101,112943,134
den011d,42,Organic,0.2,20,1,290120,244315,0.842117,206798,188
den011d,42,Organic,0.2,50,1,725300,615340,0.848394,534451,178
den011d,42,Organic,0.2,100,1,1450600,1221004,0.841723,1042007,184
den011d,42,Organic,0.3,10,1,145060,140347,0.96751,138900,24
den011d,42,Organic,0.3,20,1,290120,280761,0.967741,277609,42
den011d,42,Organic,0.3,50,1,725300,703272,0.969629,693988,50
den011d,42,Organic,0.3,100,1,1450600,1393857,0.960883,1372429,52
den011d,42,Stochastic,0.1,10,1,145060,120947,0.833772,64774,20
den011d,42,Stochastic,0.1,20,1,290120,242665,0.83643,127404,20
den011d,42,Stochastic,0.1,50,1,725300,611915,0.843672,284720,24
den011d,42,Stochastic,0.1,100,1,1450600,1220910,0.841659,543466,24
den011d,42,Stochastic,0.2,10,1,145060,140844,0.970936,87320,48
den011d,42,Stochastic,0.2,20,1,290120,282595,0.974062,172765,48
den011d,42,Stochastic,0.2,50,1,725300,704478,0.971292,413465,52
den011d,42,Stochastic,0.2,100,1,1450600,1407927,0.970583,789663,56
den011d,42,Stochastic,0.3,10,1,145060,144181,0.99394,140140,62
den011d,42,Stochastic,0.3,20,1,290120,288560,0.994623,276871,62
den011d,42,Stochastic,0.3,50,1,725300,720430,0.993286,681722,102
den011d,42,Stochastic,0.3,100,1,1450600,1439667,0.992463,1369534,96
den012d,42,Radial,0.1,10,1,226820,128017,0.564399,119159,138
den012d,42,Radial,0.1,20,1,453640,278268,0.613412,252463,196
den012d,42,Radial,0.1,50,1,1134100,675630,0.595741,617701,216
den012d,42,Radial,0.1,100,1,2268200,1339864,0.590717,1233443,234
den012d,42,Radial,0.2,10,1,226820,155498,0.685557,139059,210
den012d,42,Radial,0.2,20,1,453640,332088,0.732052,304851,210
den012d,42,Radial,0.2,50,1,1134100,832112,0.73372,766402,210
den012d,42,Radial,0.2,100,1,2268200,1637314,0.721856,1475033,220
den012d,42,Radial,0.3,10,1,226820,206617,0.910929,201021,132
den012d,42,Radial,0.3,20,1,453640,411284,0.906631,397579,144
den012d,42,Radial,0.3,50,1,1134100,1027443,0.905955,995469,174
den012d,42,Radial,0.3,100,1,2268200,2040584,0.899649,1972743,188
den012d,42,Linear,0.1,10,1,226820,222268,0.979931,221924,60
den012d,42,Linear,0.1,20,1,453640,440835,0.971773,438927,70
den012d,42,Linear,0.1,50,1,1134100,1100758,0.9706,1097443,70
den012d,42,Linear,0.1,100,1,2268200,2206784,0.972923,2196304,116
den012d,42,Linear,0.2,10,1,226820,225848,0.995715,225765,14
den012d,42,Linear,0.2,20,1,453640,448659,0.98902,446354,42
den012d,42,Linear,0.2,50,1,1134100,1120712,0.988195,1116457,48
den012d,42,Linear,0.2,100,1,2268200,2245488,0.989987,2235613,44
den012d,42,Linear,0.3,10,1,226820,226284,0.997637,226210,14
den012d,42,Linear,0.3,20,1,453640,450933,0.994033,449322,42
den012d,42,Linear,0.3,50,1,1134100,1126375,0.993188,1124284,92
den012d,42,Linear,0.3,100,1,2268200,2255003,0.994182,2250521,112
den012d,42,Sparse,0.1,10,1,226820,181955,0.8022,117636,310
den012d,42,Sparse,0.1,20,1,453640,357175,0.787353,252903,334
den012d,42,Sparse,0.1,50,1,1134100,897182,0.791096,638750,386
den012d,42,Sparse,0.1,100,1,2268200,1763272,0.777388,1119693,380
den012d,42,Sparse,0.2,10,1,226820,213477,0.941174,208436,112
den012d,42,Sparse,0.2,20,1,453640,428845,0.945342,417815,78
den012d,42,Sparse,0.2,50,1,1134100,1075731,0.948533,1043950,130
den012d,42,Sparse,0.2,100,1,2268200,2158985,0.951849,2086841,130
den012d,42,Sparse,0.3,10,1,226820,220736,0.973177,217491,108
den012d,42,Sparse,0.3,20,1,453640,442153,0.974678,435191,74
den012d,42,Sparse,0.3,50,1,1134100,1108774,0.977669,1086333,130
den012d,42,Sparse,0.3,100,1,2268200,2220660,0.979041,2168834,120
den012d,42,Organic,0.1,10,1,226820,158538,0.69896,69782,706
den012d,42,Organic,0.1,20,1,453640,287131,0.632949,140017,640
den012d,42,Organic,0.1,50,1,1134100,695000,0.612821,291605,714
den012d,42,Organic,0.1,100,1,2268200,1395265,0.615142,583137,682
den012d,42,Organic,0.2,10,1,226820,210685,0.928864,198242,92
den012d,42,Organic,0.2,20,1,453640,402080,0.886342,392411,40
den012d,42,Organic,0.2,50,1,1134100,992589,0.875222,955319,100
den012d,42,Organic,0.2,100,1,2268200,2018624,0.889967,1937637,120
den012d,42,Organic,0.3,10,1,226820,217916,0.960744,208152,46
den012d,42,Organic,0.3,20,1,453640,424259,0.935233,417409,40
den012d,42,Organic,0.3,50,1,1134100,1058501,0.93334,1025860,54
den012d,42,Organic,0.3,100,1,2268200,2121662,0.935395,2067797,74
den012d,42,Stochastic,0.1,10,1,226820,199707,0.880465,22869,40
den012d,42,Stochastic,0.1,20,1,453640,376828,0.830676,45736,40
den012d,42,Stochastic,0.1,50,1,1134100,930026,0.820056,114345,40
den012d,42,Stochastic,0.1,100,1,2268200,1871345,0.825035,249083,44
den012d,42,Stochastic,0.2,10,1,226820,221046,0.974544,119847,90
den012d,42,Stochastic,0.2,20,1,453640,434294,0.957354,150562,100
den012d,42,Stochastic,0.2,50,1,1134100,1090050,0.961159,420961,100
den012d,42,Stochastic,0.2,100,1,2268200,2168289,0.955951,627912,102
den012d,42,Stochastic,0.3,10,1,226820,225483,0.994105,174062,760
den012d,42,Stochastic,0.3,20,1,453640,451229,0.994685,281190,772
den012d,42,Stochastic,0.3,50,1,1134100,1125875,0.992748,722775,772
den012d,42,Stochastic,0.3,100,1,2268200,2248002,0.991095,1428877,772
den500d,42,Radial,0.1,10,1,300720,159364,0.529941,159331,4
den500d,42,Radial,0.1,20,1,601440,322142,0.535618,321592,36
den500d,42,Radial,0.1,50,1,1503600,859075,0.571345,858561,20
den500d,42,Radial,0.1,100,1,3007200,1729840,0.575233,1728013,38
den500d,42,Radial,0.2,10,1,300720,273337,0.908942,254849,64
den500d,42,Radial,0.2,20,1,601440,521889,0.867732,472079,64
den500d,42,Radial,0.2,50,1,1503600,1325496,0.881548,1219639,64
den500d,42,Radial,0.2,100,1,3007200,2626068,0.87326,2387657,64
den500d,42,Radial,0.3,10,1,300720,286659,0.953242,279283,64
den500d,42,Radial,0.3,20,1,601440,566339,0.941638,551303,64
den500d,42,Radial,0.3,50,1,1503600,1411991,0.939074,1375374,64
den500d,42,Radial,0.3,100,1,3007200,2818670,0.937307,2731653,64
den500d,42,Linear,0.1,10,1,300720,295931,0.984075,295064,26
den500d,42,Linear,0.1,20,1,601440,593258,0.986396,591551,112
den500d,42,Linear,0.1,50,1,1503600,1484648,0.987396,1480155,30
den500d,42,Linear,0.1,100,1,3007200,2962339,0.985082,2947909,84
den500d,42,Linear,0.2,10,1,300720,299767,0.996831,299076,26
den500d,42,Linear,0.2,20,1,601440,599141,0.996178,598342,26
den500d,42,Linear,0.2,50,1,1503600,1498313,0.996484,1496787,26
den500d,42,Linear,0.2,100,1,3007200,2995385,0.996071,2992644,48
den500d,42,Linear,0.3,10,1,300720,300212,0.998311,300174,10
den500d,42,Linear,0.3,20,1,601440,600596,0.998597,600506,16
den500d,42,Linear,0.3,50,1,1503600,1501018,0.998283,1500732,24
den500d,42,Linear,0.3,100,1,3007200,3001132,0.997982,3000260,48
den500d,42,Sparse,0.1,10,1,300720,262382,0.872513,260598,38
den500d,42,Sparse,0.1,20,1,601440,499441,0.830409,480573,88
den500d,42,Sparse,0.1,50,1,1503600,1226668,0.815821,1212558,78
den500d,42,Sparse,0.1,100,1,3007200,2466177,0.820091,2430922,72
den500d,42,Sparse,0.2,10,1,300720,289089,0.961323,286567,72
den500d,42,Sparse,0.2,20,1,601440,579985,0.964327,571795,94
den500d,42,Sparse,0.2,50,1,1503600,1434357,0.953949,1405274,94
den500d,42,Sparse,0.2,100,1,3007200,2865245,0.952795,2805075,94
den500d,42,Sparse,0.3,10,1,300720,295422,0.982382,293525,72
den500d,42,Sparse,0.3,20,1,601440,589599,0.980312,584020,94
den500d,42,Sparse,0.3,50,1,1503600,1472169,0.979096,1440892,94
den500d,42,Sparse,0.3,100,1,3007200,2944643,0.979198,2886564,94
den500d,42,Organic,0.1,10,1,300720,251063,0.834873,249821,70
den500d,42,Organic,0.1,20,1,601440,498933,0.829564,491685,70
den500d,42,Organic,0.1,50,1,1503600,1261964,0.839295,1241399,112
den500d,42,Organic,0.1,100,1,3007200,2500497,0.831503,2447755,116
den500d,42,Organic,0.2,10,1,300720,280033,0.931208,279138,30
den500d,42,Organic,0.2,20,1,601440,559835,0.930824,557673,58
den500d,42,Organic,0.2,50,1,1503600,1418564,0.943445,1411679,72
den500d,42,Organic,0.2,100,1,3007200,2832753,0.94199,2820180,72
den500d,42,Organic,0.3,10,1,300720,287655,0.956554,286680,18
den500d,42,Organic,0.3,20,1,601440,575716,0.957229,573263,58
den500d,42,Organic,0.3,50,1,1503600,1461062,0.971709,1456691,72
den500d,42,Organic,0.3,100,1,3007200,2917154,0.970057,2904454,72
den500d,42,Stochastic,0.1,10,1,300720,250465,0.832884,30379,44
den500d,42,Stochastic,0.1,20,1,601440,471842,0.78452,87784,38
den500d,42,Stochastic,0.1,50,1,1503600,1225704,0.81518,178921,42
den500d,42,Stochastic,0.1,100,1,3007200,2402645,0.798964,384877,44
den500d,42,Stochastic,0.2,10,1,300720,294922,0.98072,125950,100
den500d,42,Stochastic,0.2,20,1,601440,590193,0.9813,255674,100
den500d,42,Stochastic,0.2,50,1,1503600,1473524,0.979997,616248,104
den500d,42,Stochastic,0.2,100,1,3007200,2935226,0.976066,1204146,108
den500d,42,Stochastic,0.3,10,1,300720,299889,0.997237,278679,124
den500d,42,Stochastic,0.3,20,1,601440,599913,0.997461,545933,146
den500d,42,Stochastic,0.3,50,1,1503600,1498902,0.996875,1369358,148
den500d,42,Stochastic,0.3,100,1,3007200,2992591,0.995142,2682569,154
den501d,42,Radial,0.1,10,1,264530,136285,0.515197,84560,272
den501d,42,Radial,0.1,20,1,529060,273792,0.517507,168321,284
den501d,42,Radial,0.1,50,1,1322650,672704,0.508603,397693,318
den501d,42,Radial,0.1,100,1,2645300,1266417,0.478742,685523,324
den501d,42,Radial,0.2,10,1,264530,224176,0.84745,219412,38
den501d,42,Radial,0.2,20,1,529060,433540,0.819453,414135,70
den501d,42,Radial,0.2,50,1,1322650,1096313,0.828876,1030169,62
den501d,42,Radial,0.2,100,1,2645300,2154790,0.814573,2016757,70
den501d,42,Radial,0.3,10,1,264530,253183,0.957105,252191,34
den501d,42,Radial,0.3,20,1,529060,504439,0.953463,503309,34
den501d,42,Radial,0.3,50,1,1322650,1254079,0.948156,1247976,124
den501d,42,Radial,0.3,100,1,2645300,2504988,0.946958,2494257,128
den501d,42,Linear,0.1,10,1,264530,259137,0.979613,256864,154
den501d,42,Linear,0.1,20,1,529060,517928,0.978959,514976,94
den501d,42,Linear,0.1,50,1,1322650,1292365,0.977103,1282136,140
den501d,42,Linear,0.1,100,1,2645300,2587292,0.978071,2569157,164
den501d,42,Linear,0.2,10,1,264530,263617,0.996549,262468,86
den501d,42,Linear,0.2,20,1,529060,525969,0.994158,524953,18
den501d,42,Linear,0.2,50,1,1322650,1314196,0.993608,1312402,72
den501d,42,Linear,0.2,100,1,2645300,2626969,0.99307,2624530,54
den501d,42,Linear,0.3,10,1,264530,264185,0.998696,264112,6
den501d,42,Linear,0.3,20,1,529060,527771,0.997564,527414,36
den501d,42,Linear,0.3,50,1,1322650,1320057,0.99804,1319117,52
den501d,42,Linear,0.3,100,1,2645300,2638630,0.997479,2637634,36
den501d,42,Sparse,0.1,10,1,264530,179913,0.680123,154853,194
den501d,42,Sparse,0.1,20,1,529060,314057,0.593613,257031,194
den501d,42,Sparse,0.1,50,1,1322650,839348,0.634596,742235,194
den501d,42,Sparse,0.1,100,1,2645300,1603434,0.606144,1397275,194
den501d,42,Sparse,0.2,10,1,264530,236790,0.895135,228115,194
den501d,42,Sparse,0.2,20,1,529060,456752,0.863327,443593,194
den501d,42,Sparse,0.2,50,1,1322650,1198268,0.90596,1170710,194
den501d,42,Sparse,0.2,100,1,2645300,2342362,0.885481,2278596,194
den501d,42,Sparse,0.3,10,1,264530,255777,0.966911,254825,74
den501d,42,Sparse,0.3,20,1,529060,503199,0.951119,500558,74
den501d,42,Sparse,0.3,50,1,1322650,1270544,0.960605,1265383,74
den501d,42,Sparse,0.3,100,1,2645300,2517192,0.951571,2490304,78
den501d,42,Organic,0.1,10,1,264530,199822,0.755385,144709,118
den501d,42,Organic,0.1,20,1,529060,377761,0.714023,212948,118
den501d,42,Organic,0.1,50,1,1322650,958863,0.724956,591479,138
den501d,42,Organic,0.1,100,1,2645300,1887439,0.713507,1141240,138
den501d,42,Organic,0.2,10,1,264530,243065,0.918856,239616,36
den501d,42,Organic,0.2,20,1,529060,482718,0.912407,467103,138
den501d,42,Organic,0.2,50,1,1322650,1198298,0.905983,1173856,148
den501d,42,Organic,0.2,100,1,2645300,2415577,0.913158,2352447,148
den501d,42,Organic,0.3,10,1,264530,260262,0.983866,259604,22
den501d,42,Organic,0.3,20,1,529060,517070,0.977337,510917,138
den501d,42,Organic,0.3,50,1,1322650,1276711,0.965267,1271237,68
den501d,42,Organic,0.3,100,1,2645300,2565497,0.969832,2549430,138
den501d,42,Stochastic,0.1,10,1,264530,246902,0.933361,74707,46
den501d,42,Stochastic,0.1,20,1,529060,489085,0.924441,125693,46
den501d,42,Stochastic,0.1,50,1,1322650,1221847,0.923787,254906,44
den501d,42,Stochastic,0.1,100,1,2645300,2452820,0.927237,462374,44
den501d,42,Stochastic,0.2,10,1,264530,262288,0.991525,211894,316
den501d,42,Stochastic,0.2,20,1,529060,520416,0.983662,403300,340
den501d,42,Stochastic,0.2,50,1,1322650,1300808,0.983486,947969,374
den501d,42,Stochastic,0.2,100,1,2645300,2601601,0.983481,1842853,388
den501d,42,Stochastic,0.3,10,1,264530,263912,0.997664,258439,98
den501d,42,Stochastic,0.3,20,1,529060,527162,0.996413,509096,88
den501d,42,Stochastic,0.3,50,1,1322650,1319389,0.997534,1275335,142
den501d,42,Stochastic,0.3,100,1,2645300,2635760,0.996394,2516829,126
den602d,42,Radial,0.1,10,1,346170,250735,0.724312,249570,112
den602d,42,Radial,0.1,20,1,692340,511187,0.738347,509980,112
den602d,42,Radial,0.1,50,1,1730850,1200706,0.693709,1190907,124
den602d,42,Radial,0.1,100,1,3461700,2414515,0.697494,2398281,122
den602d,42,Radial,0.2,10,1,346170,323976,0.935887,316737,136
den602d,42,Radial,0.2,20,1,692340,645345,0.932122,637436,136
den602d,42,Radial,0.2,50,1,1730850,1598024,0.92326,1576947,136
den602d,42,Radial,0.2,100,1,3461700,3179926,0.918602,3142485,150
den602d,42,Radial,0.3,10,1,346170,329858,0.952879,326871,60
den602d,42,Radial,0.3,20,1,692340,660322,0.953754,657264,60
den602d,42,Radial,0.3,50,1,1730850,1640272,0.947668,1634445,60
den602d,42,Radial,0.3,100,1,3461700,3272684,0.945398,3262212,80
den602d,42,Linear,0.1,10,1,346170,341965,0.987853,341008,100
den602d,42,Linear,0.1,20,1,692340,683314,0.986963,680025,100
den602d,42,Linear,0.1,50,1,1730850,1710084,0.988002,1701327,104
den602d,42,Linear,0.1,100,1,3461700,3408824,0.984725,3387304,110
den602d,42,Linear,0.2,10,1,346170,344158,0.994188,343951,10
den602d,42,Linear,0.2,20,1,692340,689143,0.995382,688127,50
den602d,42,Linear,0.2,50,1,1730850,1723560,0.995788,1720986,78
den602d,42,Linear,0.2,100,1,3461700,3445355,0.995278,3441673,70
den602d,42,Linear,0.3,10,1,346170,345259,0.997368,345198,10
den602d,42,Linear,0.3,20,1,692340,690760,0.997718,690323,50
den602d,42,Linear,0.3,50,1,1730850,1727362,0.997985,1726443,76
den602d,42,Linear,0.3,100,1,3461700,3454342,0.997874,3452511,76
den602d,42,Sparse,0.1,10,1,346170,267022,0.771361,262653,36
den602d,42,Sparse,0.1,20,1,692340,510476,0.73732,500828,36
den602d,42,Sparse,0.1,50,1,1730850,1224410,0.707404,1185560,44
den602d,42,Sparse,0.1,100,1,3461700,2527500,0.730133,2422079,88
den602d,42,Sparse,0.2,10,1,346170,319561,0.923133,318310,18
den602d,42,Sparse,0.2,20,1,692340,643822,0.929922,641121,36
den602d,42,Sparse,0.2,50,1,1730850,1571159,0.907738,1555855,194
den602d,42,Sparse,0.2,100,1,3461700,3175426,0.917302,3125401,214
den602d,42,Sparse,0.3,10,1,346170,339373,0.980365,338509,44
den602d,42,Sparse,0.3,20,1,692340,675434,0.975581,674045,44
den602d,42,Sparse,0.3,50,1,1730850,1680467,0.970891,1669828,194
den602d,42,Sparse,0.3,100,1,3461700,3364667,0.97197,3333548,214
den602d,42,Organic,0.1,10,1,346170,271103,0.78315,270632,30
den602d,42,Organic,0.1,20,1,692340,539656,0.779467,535282,62
den602d,42,Organic,0.1,50,1,1730850,1354302,0.782449,1340594,62
den602d,42,Organic,0.1,100,1,3461700,2696528,0.778961,2664037,76
den602d,42,Organic,0.2,10,1,346170,326898,0.944328,326782,10
den602d,42,Organic,0.2,20,1,692340,654583,0.945465,653719,10
den602d,42,Organic,0.2,50,1,1730850,1628351,0.940781,1621832,50
den602d,42,Organic,0.2,100,1,3461700,3254981,0.940284,3237896,50
den602d,42,Organic,0.3,10,1,346170,335993,0.970601,335165,10
den602d,42,Organic,0.3,20,1,692340,675194,0.975235,673600,16
den602d,42,Organic,0.3,50,1,1730850,1679341,0.970241,1673623,50
den602d,42,Organic,0.3,100,1,3461700,3343184,0.965764,3328619,50
den602d,42,Stochastic,0.1,10,1,346170,329113,0.950727,98485,68
den602d,42,Stochastic,0.1,20,1,692340,664990,0.960496,196951,72
den602d,42,Stochastic,0.1,50,1,1730850,1636079,0.945246,275797,76
den602d,42,Stochastic,0.1,100,1,3461700,3274199,0.945836,551579,78
den602d,42,Stochastic,0.2,10,1,346170,341279,0.985871,268791,270
den602d,42,Stochastic,0.2,20,1,692340,684193,0.988233,528747,262
den602d,42,Stochastic,0.2,50,1,1730850,1708499,0.987087,1186797,274
den602d,42,Stochastic,0.2,100,1,3461700,3414327,0.986315,2481383,274
den602d,42,Stochastic,0.3,10,1,346170,345820,0.998989,338687,62
den602d,42,Stochastic,0.3,20,1,692340,691585,0.998909,674861,146
den602d,42,Stochastic,0.3,50,1,1730850,1727030,0.997793,1646476,202
den602d,42,Stochastic,0.3,100,1,3461700,3451757,0.997128,3298855,250
hrt201n,42,Radial,0.1,10,1,236520,141743,0.599285,141137,16
hrt201n,42,Radial,0.1,20,1,473040,290684,0.614502,283467,16
hrt201n,42,Radial,0.1,50,1,1182600,707993,0.598675,698010,36
hrt201n,42,Radial,0.1,100,1,2365200,1427585,0.603579,1413252,36
hrt201n,42,Radial,0.2,10,1,236520,204677,0.865369,204583,14
hrt201n,42,Radial,0.2,20,1,473040,412514,0.872049,412393,14
hrt201n,42,Radial,0.2,50,1,1182600,1014529,0.85788,1014069,36
hrt201n,42,Radial,0.2,100,1,2365200,2039432,0.862266,2038438,36
hrt201n,42,Radial,0.3,10,1,236520,223619,0.945455,223441,14
hrt201n,42,Radial,0.3,20,1,473040,450046,0.951391,449796,14
hrt201n,42,Radial,0.3,50,1,1182600,1106142,0.935348,1105238,36
hrt201n,42,Radial,0.3,100,1,2365200,2215272,0.936611,2213642,36
hrt201n,42,Linear,0.1,10,1,236520,231567,0.979059,231267,20
hrt201n,42,Linear,0.1,20,1,473040,465798,0.984691,464377,32
hrt201n,42,Linear,0.1,50,1,1182600,1162968,0.983399,1156029,70
hrt201n,42,Linear,0.1,100,1,2365200,2315874,0.979145,2297985,80
hrt201n,42,Linear,0.2,10,1,236520,234796,0.992711,234267,16
hrt201n,42,Linear,0.2,20,1,473040,470937,0.995554,470408,16
hrt201n,42,Linear,0.2,50,1,1182600,1177575,0.995751,1176842,44
hrt201n,42,Linear,0.2,100,1,2365200,2354015,0.995271,2351730,44
hrt201n,42,Linear,0.3,10,1,236520,235648,0.996313,235617,16
hrt201n,42,Linear,0.3,20,1,473040,472015,0.997833,471984,16
hrt201n,42,Linear,0.3,50,1,1182600,1180490,0.998216,1180401,16
hrt201n,42,Linear,0.3,100,1,2365200,2360679,0.998089,2360567,16
hrt201n,42,Sparse,0.1,10,1,236520,171839,0.726531,170243,36
hrt201n,42,Sparse,0.1,20,1,473040,340457,0.719721,337029,40
hrt201n,42,Sparse,0.1,50,1,1182600,831649,0.703238,809096,58
hrt201n,42,Sparse,0.1,100,1,2365200,1647949,0.696748,1615867,58
hrt201n,42,Sparse,0.2,10,1,236520,196717,0.831714,194818,36
hrt201n,42,Sparse,0.2,20,1,473040,392046,0.82878,388376,36
hrt201n,42,Sparse,0.2,50,1,1182600,970289,0.820471,949975,36
hrt201n,42,Sparse,0.2,100,1,2365200,1951344,0.825023,1920631,36
hrt201n,42,Sparse,0.3,10,1,236520,213646,0.903289,212166,36
hrt201n,42,Sparse,0.3,20,1,473040,428453,0.905744,425241,36
hrt201n,42,Sparse,0.3,50,1,1182600,1078501,0.911974,1063841,44
hrt201n,42,Sparse,0.3,100,1,2365200,2157828,0.912324,2128460,44
hrt201n,42,Organic,0.1,10,1,236520,181842,0.768823,168063,62
hrt201n,42,Organic,0.1,20,1,473040,354975,0.750412,326081,62
hrt201n,42,Organic,0.1,50,1,1182600,906212,0.766288,843888,62
hrt201n,42,Organic,0.1,100,1,2365200,1821002,0.769915,1686180,62
hrt201n,42,Organic,0.2,10,1,236520,222589,0.9411,218981,58
hrt201n,42,Organic,0.2,20,1,473040,427701,0.904154,410667,68
hrt201n,42,Organic,0.2,50,1,1182600,1077253,0.910919,1043538,68
hrt201n,42,Organic,0.2,100,1,2365200,2145484,0.907105,2065282,68
hrt201n,42,Organic,0.3,10,1,236520,234812,0.992779,234639,26
hrt201n,42,Organic,0.3,20,1,473040,461107,0.974774,460287,26
hrt201n,42,Organic,0.3,50,1,1182600,1158275,0.979431,1155171,38
hrt201n,42,Organic,0.3,100,1,2365200,2315622,0.979039,2309504,40
hrt201n,42,Stochastic,0.1,10,1,236520,220675,0.933008,81835,42
hrt201n,42,Stochastic,0.1,20,1,473040,446353,0.943584,146068,42
hrt201n,42,Stochastic,0.1,50,1,1182600,1111739,0.94008,357435,66
hrt201n,42,Stochastic,0.1,100,1,2365200,2228344,0.942138,694192,66
hrt201n,42,Stochastic,0.2,10,1,236520,233971,0.989223,198921,74
hrt201n,42,Stochastic,0.2,20,1,473040,467501,0.988291,412547,74
hrt201n,42,Stochastic,0.2,50,1,1182600,1168880,0.988398,1009993,90
hrt201n,42,Stochastic,0.2,100,1,2365200,2334720,0.987113,2004675,90
hrt201n,42,Stochastic,0.3,10,1,236520,235559,0.995937,229642,114
hrt201n,42,Stochastic,0.3,20,1,473040,471477,0.996696,459815,114
hrt201n,42,Stochastic,0.3,50,1,1182600,1179084,0.997027,1144144,114
hrt201n,42,Stochastic,0.3,100,1,2365200,2357436,0.996717,2272610,120
lak506d,42,Radial,0.1,10,1,138940,107804,0.775903,105851,38
lak506d,42,Radial,0.1,20,1,277880,219145,0.788632,213729,72
lak506d,42,Radial,0.1,50,1,694700,535357,0.77063,518759,72
lak506d,42,Radial,0.1,100,1,1389400,1085400,0.781201,1048449,76
lak506d,42,Radial,0.2,10,1,138940,124650,0.89715,122948,38
lak506d,42,Radial,0.2,20,1,277880,247169,0.889481,243479,72
lak506d,42,Radial,0.2,50,1,694700,607026,0.873796,594159,72
lak506d,42,Radial,0.2,100,1,1389400,1216295,0.87541,1182461,76
lak506d,42,Radial,0.3,10,1,138940,133678,0.962128,131994,38
lak506d,42,Radial,0.3,20,1,277880,264132,0.950525,259196,62
lak506d,42,Radial,0.3,50,1,694700,646122,0.930073,627651,62
lak506d,42,Radial,0.3,100,1,1389400,1296046,0.93281,1258351,54
lak506d,42,Linear,0.1,10,1,138940,135453,0.974903,135055,18
lak506d,42,Linear,0.1,20,1,277880,271217,0.976022,270366,22
lak506d,42,Linear,0.1,50,1,694700,678712,0.976986,675506,36
lak506d,42,Linear,0.1,100,1,1389400,1353151,0.97391,1347268,38
lak506d,42,Linear,0.2,10,1,138940,137776,0.991622,137754,12
lak506d,42,Linear,0.2,20,1,277880,275297,0.990705,274951,22
lak506d,42,Linear,0.2,50,1,694700,689744,0.992866,689241,34
lak506d,42,Linear,0.2,100,1,1389400,1377315,0.991302,1376325,30
lak506d,42,Linear,0.3,10,1,138940,138344,0.99571,138334,4
lak506d,42,Linear,0.3,20,1,277880,276706,0.995775,276644,10
lak506d,42,Linear,0.3,50,1,694700,692095,0.99625,691940,12
lak506d,42,Linear,0.3,100,1,1389400,1383661,0.995869,1383325,30
lak506d,42,Sparse,0.1,10,1,138940,115346,0.830186,114917,12
lak506d,42,Sparse,0.1,20,1,277880,233737,0.841144,230341,28
lak506d,42,Sparse,0.1,50,1,694700,572526,0.824134,566690,40
lak506d,42,Sparse,0.1,100,1,1389400,1140826,0.821093,1132701,46
lak506d,42,Sparse,0.2,10,1,138940,132214,0.951591,128228,26
lak506d,42,Sparse,0.2,20,1,277880,255758,0.92039,247629,26
lak506d,42,Sparse,0.2,50,1,694700,616153,0.886934,604670,40
lak506d,42,Sparse,0.2,100,1,1389400,1227050,0.883151,1205639,40
lak506d,42,Sparse,0.3,10,1,138940,136092,0.979502,135528,18
lak506d,42,Sparse,0.3,20,1,277880,269853,0.971113,267463,28
lak506d,42,Sparse,0.3,50,1,694700,675497,0.972358,672138,40
lak506d,42,Sparse,0.3,100,1,1389400,1350067,0.971691,1340680,44
lak506d,42,Organic,0.1,10,1,138940,110566,0.795782,92921,58
lak506d,42,Organic,0.1,20,1,277880,203617,0.732752,186912,44
lak506d,42,Organic,0.1,50,1,694700,494898,0.712391,460288,60
lak506d,42,Organic,0.1,100,1,1389400,976502,0.702823,911955,56
lak506d,42,Organic,0.2,10,1,138940,129733,0.933734,124152,58
lak506d,42,Organic,0.2,20,1,277880,258519,0.930326,254956,44
lak506d,42,Organic,0.2,50,1,694700,640461,0.921925,634367,60
lak506d,42,Organic,0.2,100,1,1389400,1263063,0.909071,1250764,56
lak506d,42,Organic,0.3,10,1,138940,137398,0.988902,136430,18
lak506d,42,Organic,0.3,20,1,277880,271970,0.978732,270370,34
lak506d,42,Organic,0.3,50,1,694700,678944,0.97732,676292,34
lak506d,42,Organic,0.3,100,1,1389400,1353103,0.973876,1346532,34
lak506d,42,Stochastic,0.1,10,1,138940,120597,0.867979,52587,44
lak506d,42,Stochastic,0.1,20,1,277880,241955,0.870718,92931,44
lak506d,42,Stochastic,0.1,50,1,694700,611509,0.880249,226228,46
lak506d,42,Stochastic,0.1,100,1,1389400,1199291,0.863172,329376,50
lak506d,42,Stochastic,0.2,10,1,138940,136534,0.982683,93852,72
lak506d,42,Stochastic,0.2,20,1,277880,270365,0.972956,179788,72
lak506d,42,Stochastic,0.2,50,1,694700,678682,0.976943,472811,72
lak506d,42,Stochastic,0.2,100,1,1389400,1345663,0.968521,848019,72
lak506d,42,Stochastic,0.3,10,1,138940,138326,0.995581,136394,32
lak506d,42,Stochastic,0.3,20,1,277880,276932,0.996588,267810,84
lak506d,42,Stochastic,0.3,50,1,694700,691242,0.995022,666276,102
lak506d,42,Stochastic,0.3,100,1,1389400,1380160,0.99335,1311709,102
arena,123,Radial,0.1,10,1,20540,6229,0.303262,3934,26
arena,123,Radial,0.1,20,1,41080,15033,0.365944,7866,26
arena,123,Radial,0.1,50,1,102700,32612,0.317546,15981,30
arena,123,Radial,0.1,100,1,205400,60590,0.294985,26426,26
arena,123,Radial,0.2,10,1,20540,13121,0.638802,7434,78
arena,123,Radial,0.2,20,1,41080,25273,0.615214,11592,78
arena,123,Radial,0.2,50,1,102700,64501,0.628053,25707,78
arena,123,Radial,0.2,100,1,205400,128442,0.625326,51412,80
arena,123,Radial,0.3,10,1,20540,15535,0.756329,9169,80
arena,123,Radial,0.3,20,1,41080,31800,0.774099,16918,80
arena,123,Radial,0.3,50,1,102700,78923,0.768481,35901,84
arena,123,Radial,0.3,100,1,205400,163186,0.794479,87427,96
arena,123,Linear,0.1,10,1,20540,13271,0.646105,2158,50
arena,123,Linear,0.1,20,1,41080,27683,0.67388,4316,54
arena,123,Linear,0.1,50,1,102700,68997,0.671831,10795,54
arena,123,Linear,0.1,100,1,205400,140829,0.685633,21586,54
arena,123,Linear,0.2,10,1,20540,17560,0.854917,15801,90
arena,123,Linear,0.2,20,1,41080,36058,0.877751,30728,116
arena,123,Linear,0.2,50,1,102700,89006,0.86666,76580,118
arena,123,Linear,0.2,100,1,205400,179776,0.875248,154881,118
arena,123,Linear,0.3,10,1,20540,19485,0.948637,18547,38
arena,123,Linear,0.3,20,1,41080,39469,0.960784,37453,46
arena,123,Linear,0.3,50,1,102700,95913,0.933914,90184,52
arena,123,Linear,0.3,100,1,205400,193653,0.942809,183046,58
arena,123,Sparse,0.1,10,1,20540,8073,0.393038,4249,28
arena,123,Sparse,0.1,20,1,41080,14060,0.342259,4877,28
arena,123,Sparse,0.1,50,1,102700,38234,0.372288,15810,28
arena,123,Sparse,0.1,100,1,205400,71625,0.34871,31610,28
arena,123,Sparse,0.2,10,1,20540,15640,0.761441,9951,58
arena,123,Sparse,0.2,20,1,41080,27705,0.674416,15391,42
arena,123,Sparse,0.2,50,1,102700,69592,0.677624,36227,60
arena,123,Sparse,0.2,100,1,205400,135499,0.659684,72382,62
arena,123,Sparse,0.3,10,1,20540,18108,0.881597,14163,44
arena,123,Sparse,0.3,20,1,41080,34001,0.827678,22000,44
arena,123,Sparse,0.3,50,1,102700,83219,0.810312,53122,56
arena,123,Sparse,0.3,100,1,205400,164416,0.800467,106225,58
arena,123,Organic,0.1,10,1,20540,6329,0.30813,2209,24
arena,123,Organic,0.1,20,1,41080,14185,0.345302,6251,28
arena,123,Organic,0.1,50,1,102700,36096,0.35147,14711,32
arena,123,Organic,0.1,100,1,205400,77045,0.375097,27585,32
arena,123,Organic,0.2,10,1,20540,12136,0.590847,6801,50
arena,123,Organic,0.2,20,1,41080,25088,0.610711,18151,50
arena,123,Organic,0.2,50,1,102700,62663,0.610156,38801,58
arena,123,Organic,0.2,100,1,205400,137653,0.67017,86364,60
arena,123,Organic,0.3,10,1,20540,18036,0.878092,12002,64
arena,123,Organic,0.3,20,1,41080,33885,0.824854,25524,64
arena,123,Organic,0.3,50,1,102700,84613,0.823885,63094,74
arena,123,Organic,0.3,100,1,205400,173467,0.844533,128733,76
arena,123,Stochastic,0.1,10,1,20540,4542,0.22113,2058,8
arena,123,Stochastic,0.1,20,1,41080,9173,0.223296,4115,8
arena,123,Stochastic,0.1,50,1,102700,25514,0.248432,12143,12
arena,123,Stochastic,0.1,100,1,205400,50837,0.247502,22432,10
arena,123,Stochastic,0.2,10,1,20540,11572,0.563389,4167,24
arena,123,Stochastic,0.2,20,1,41080,23916,0.582181,8332,24
arena,123,Stochastic,0.2,50,1,102700,57634,0.561188,22479,22
arena,123,Stochastic,0.2,100,1,205400,117416,0.571646,46579,24
arena,123,Stochastic,0.3,10,1,20540,18186,0.885394,6497,62
arena,123,Stochastic,0.3,20,1,41080,36204,0.881305,15797,62
arena,123,Stochastic,0.3,50,1,102700,92790,0.903505,40900,64
arena,123,Stochastic,0.3,100,1,205400,182283,0.887454,76182,66
arena2,123,Radial,0.1,10,1,243110,148954,0.612702,111017,126
arena2,123,Radial,0.1,20,1,486220,302856,0.622879,207175,152
arena2,123,Radial,0.1,50,1,1215550,749023,0.616201,511416,162
arena2,123,Radial,0.1,100,1,2431100,1503358,0.618386,1051188,172
arena2,123,Radial,0.2,10,1,243110,184433,0.75864,128342,138
arena2,123,Radial,0.2,20,1,486220,383155,0.788028,258848,160
arena2,123,Radial,0.2,50,1,1215550,953022,0.784025,662935,184
arena2,123,Radial,0.2,100,1,2431100,1898236,0.780814,1329635,184
arena2,123,Radial,0.3,10,1,243110,209214,0.860573,163568,296
arena2,123,Radial,0.3,20,1,486220,417752,0.859183,342122,290
arena2,123,Radial,0.3,50,1,1215550,1056681,0.869303,862332,290
arena2,123,Radial,0.3,100,1,2431100,2117856,0.871151,1704857,312
arena2,123,Linear,0.1,10,1,243110,236272,0.971873,234723,60
arena2,123,Linear,0.1,20,1,486220,473257,0.973339,469917,66
arena2,123,Linear,0.1,50,1,1215550,1181878,0.972299,1166645,84
arena2,123,Linear,0.1,100,1,2431100,2356696,0.969395,2330639,84
arena2,123,Linear,0.2,10,1,243110,240233,0.988166,239754,20
arena2,123,Linear,0.2,20,1,486220,481252,0.989782,480620,40
arena2,123,Linear,0.2,50,1,1215550,1205777,0.99196,1203881,66
arena2,123,Linear,0.2,100,1,2431100,2410658,0.991591,2406267,66
arena2,123,Linear,0.3,10,1,243110,241972,0.995319,241570,46
arena2,123,Linear,0.3,20,1,486220,483812,0.995048,483583,12
arena2,123,Linear,0.3,50,1,1215550,1210295,0.995677,1209503,56
arena2,123,Linear,0.3,100,1,2431100,2420442,0.995616,2418485,56
arena2,123,Sparse,0.1,10,1,243110,136840,0.562873,82023,260
arena2,123,Sparse,0.1,20,1,486220,256538,0.527617,124767,286
arena2,123,Sparse,0.1,50,1,1215550,686171,0.564494,332637,304
arena2,123,Sparse,0.1,100,1,2431100,1326736,0.545735,665628,300
arena2,123,Sparse,0.2,10,1,243110,228758,0.940965,216106,98
arena2,123,Sparse,0.2,20,1,486220,455404,0.936621,428634,120
arena2,123,Sparse,0.2,50,1,1215550,1148430,0.944782,1089577,120
arena2,123,Sparse,0.2,100,1,2431100,2302519,0.94711,2169184,130
arena2,123,Sparse,0.3,10,1,243110,237873,0.978458,230152,100
arena2,123,Sparse,0.3,20,1,486220,476395,0.979793,461032,106
arena2,123,Sparse,0.3,50,1,1215550,1191167,0.979941,1154031,114
arena2,123,Sparse,0.3,100,1,2431100,2388598,0.982517,2312154,106
arena2,123,Organic,0.1,10,1,243110,201526,0.82895,157572,354
arena2,123,Organic,0.1,20,1,486220,393652,0.809617,264526,372
arena2,123,Organic,0.1,50,1,1215550,960419,0.790111,651707,390
arena2,123,Organic,0.1,100,1,2431100,1956600,0.804821,1390931,390
arena2,123,Organic,0.2,10,1,243110,226806,0.932936,212278,192
arena2,123,Organic,0.2,20,1,486220,452280,0.930196,415867,198
arena2,123,Organic,0.2,50,1,1215550,1095862,0.901536,991793,190
arena2,123,Organic,0.2,100,1,2431100,2212075,0.909907,2029588,214
arena2,123,Organic,0.3,10,1,243110,238025,0.979084,236295,70
arena2,123,Organic,0.3,20,1,486220,476078,0.979141,469771,70
arena2,123,Organic,0.3,50,1,1215550,1180774,0.971391,1162737,102
arena2,123,Organic,0.3,100,1,2431100,2359939,0.970729,2310322,102
arena2,123,Stochastic,0.1,10,1,243110,176047,0.724145,49427,24
arena2,123,Stochastic,0.1,20,1,486220,382977,0.787662,77764,26
arena2,123,Stochastic,0.1,50,1,1215550,959690,0.789511,205342,30
arena2,123,Stochastic,0.1,100,1,2431100,1929155,0.793532,368125,28
arena2,123,Stochastic,0.2,10,1,243110,224939,0.925256,143952,48
arena2,123,Stochastic,0.2,20,1,486220,458147,0.942263,292872,58
arena2,123,Stochastic,0.2,50,1,1215550,1143471,0.940703,673221,60
arena2,123,Stochastic,0.2,100,1,2431100,2274307,0.935505,1341487,60
arena2,123,Stochastic,0.3,10,1,243110,239680,0.985891,160100,160
arena2,123,Stochastic,0.3,20,1,486220,481842,0.990996,363681,190
arena2,123,Stochastic,0.3,50,1,1215550,1203122,0.989776,824353,220
arena2,123,Stochastic,0.3,100,1,2431100,2402503,0.988237,1676259,242
brc000d,123,Radial,0.1,10,1,273860,113112,0.413029,76269,44
brc000d,123,Radial,0.1,20,1,547720,226475,0.413487,152910,44
brc000d,123,Radial,0.1,50,1,78850,56006,0.710285,51950,36
brc000d,123,Radial,0.1,100,1,2738600,805512,0.294133,444837,50
brc000d,123,Radial,0.2,10,1,273860,202356,0.738903,101069,174
brc000d,123,Radial,0.2,20,1,547720,407700,0.744358,245612,198
brc000d,123,Radial,0.2,50,1,78850,57413,0.728129,53445,36
brc000d,123,Radial,0.2,100,1,2738600,1844254,0.673429,905509,218
brc000d,123,Radial,0.3,10,1,273860,237600,0.867597,164193,212
brc000d,123,Radial,0.3,20,1,547720,473799,0.865039,346972,214
brc000d,123,Radial,0.3,50,1,78850,74323,0.942587,74080,14
brc000d,123,Radial,0.3,100,1,2738600,2144546,0.783081,1386093,224
brc000d,123,Linear,0.1,10,1,273860,266422,0.97284,263532,60
brc000d,123,Linear,0.1,20,1,547720,535154,0.977058,530192,82
brc000d,123,Linear,0.1,50,1,78850,52906,0.67097,46707,34
brc000d,123,Linear,0.1,100,1,2738600,2676878,0.977462,2649546,82
brc000d,123,Linear,0.2,10,1,273860,272147,0.993745,271453,64
brc000d,123,Linear,0.2,20,1,547720,544733,0.994546,543028,88
brc000d,123,Linear,0.2,50,1,78850,70305,0.89163,69287,34
brc000d,123,Linear,0.2,100,1,2738600,2721494,0.993754,2716402,64
brc000d,123,Linear,0.3,10,1,273860,273408,0.99835,273408,0
brc000d,123,Linear,0.3,20,1,547720,546213,0.997249,546210,6
brc000d,123,Linear,0.3,50,1,78850,73445,0.931452,71814,34
brc000d,123,Linear,0.3,100,1,2738600,2730727,0.997125,2730064,22
brc000d,123,Sparse,0.1,10,1,273860,149705,0.546648,40110,158
brc000d,123,Sparse,0.1,20,1,547720,286978,0.52395,103592,156
brc000d,123,Sparse,0.1,50,1,78850,0,0.0,0,0
brc000d,123,Sparse,0.1,100,1,2738600,1492895,0.545131,587997,158
brc000d,123,Sparse,0.2,10,1,273860,247658,0.904323,183361,448
brc000d,123,Sparse,0.2,20,1,547720,476606,0.870164,349336,454
brc000d,123,Sparse,0.2,50,1,78850,18122,0.229829,9235,34
brc000d,123,Sparse,0.2,100,1,2738600,2352217,0.858912,1407886,478
brc000d,123,Sparse,0.3,10,1,273860,264526,0.965917,254335,138
brc000d,123,Sparse,0.3,20,1,547720,523918,0.956543,496358,184
brc000d,123,Sparse,0.3,50,1,78850,42298,0.536436,23943,56
brc000d,123,Sparse,0.3,100,1,2738600,2631438,0.96087,2467115,182
brc000d,123,Organic,0.1,10,1,273860,184688,0.674388,87626,120
brc000d,123,Organic,0.1,20,1,547720,375355,0.685305,152351,146
brc000d,123,Organic,0.1,50,1,78850,20910,0.265187,20635,8
brc000d,123,Organic,0.1,100,1,2738600,1826251,0.666856,738641,158
brc000d,123,Organic,0.2,10,1,273860,253074,0.9241,194091,262
brc000d,123,Organic,0.2,20,1,547720,505582,0.923067,389475,254
brc000d,123,Organic,0.2,50,1,78850,20910,0.265187,20635,8
brc000d,123,Organic,0.2,100,1,2738600,2502753,0.91388,1829151,272
brc000d,123,Organic,0.3,10,1,273860,261974,0.956598,243942,148
brc000d,123,Organic,0.3,20,1,547720,524386,0.957398,490628,150
brc000d,123,Organic,0.3,50,1,78850,27762,0.352086,27446,8
brc000d,123,Organic,0.3,100,1,2738600,2619992,0.95669,2400440,202
brc000d,123,Stochastic,0.1,10,1,273860,153605,0.560889,27736,40
brc000d,123,Stochastic,0.1,20,1,547720,298238,0.544508,80088,44
brc000d,123,Stochastic,0.1,50,1,78850,14764,0.187242,7343,8
brc000d,123,Stochastic,0.1,100,1,2738600,1448766,0.529017,351222,44
brc000d,123,Stochastic,0.2,10,1,273860,246013,0.898317,78443,68
brc000d,123,Stochastic,0.2,20,1,547720,474624,0.866545,135187,70
brc000d,123,Stochastic,0.2,50,1,78850,39290,0.498288,17290,18
brc000d,123,Stochastic,0.2,100,1,2738600,2347786,0.857294,762739,66
brc000d,123,Stochastic,0.3,10,1,273860,272073,0.993475,165222,242
brc000d,123,Stochastic,0.3,20,1,547720,541886,0.989349,312456,194
brc000d,123,Stochastic,0.3,50,1,78850,65132,0.826024,34243,34
brc000d,123,Stochastic,0.3,100,1,2738600,2705664,0.987973,1381727,270
